Copyright 1986-2022 Xilinx, Inc. All Rights Reserved. Copyright 2022-2024 Advanced Micro Devices, Inc. All Rights Reserved.
----------------------------------------------------------------------------------------------------------------------------------------------------------
| Tool Version              : Vivado v.2024.2 (win64) Build 5239630 Fri Nov 08 22:35:27 MST 2024
| Date                      : Wed Dec 10 15:15:41 2025
| Host                      : DESKTOP-NG52DIC running 64-bit major release  (build 9200)
| Command                   : report_io -file ADC_SiTCP_V20_io_placed.rpt
| Design                    : ADC_SiTCP_V20
| Device                    : xc7a100t
| Speed File                : -1
| Package                   : fgg484
| Package Version           : FINAL 2012-11-02
| Package Pin Delay Version : VERS. 2.0 2012-11-02
----------------------------------------------------------------------------------------------------------------------------------------------------------

IO Information

Table of Contents
-----------------
1. Summary
2. IO Assignments by Package Pin

1. Summary
----------

+---------------+
| Total User IO |
+---------------+
|           181 |
+---------------+


2. IO Assignments by Package Pin
--------------------------------

+------------+--------------+------------+------------------------------+---------------+-------------+---------+------------+------+----------------------+----------------------+---------+------------+-----------+----------+------+------------------+--------------+-------------------+--------------+
| Pin Number | Signal Name  | Bank Type  | Pin Name                     | Use           | IO Standard | IO Bank | Drive (mA) | Slew |  On-Chip Termination | Off-Chip Termination | Voltage | Constraint | Pull Type | DQS Bias | Vref | Signal Integrity | Pre Emphasis | Lvds Pre Emphasis | Equalization |
+------------+--------------+------------+------------------------------+---------------+-------------+---------+------------+------+----------------------+----------------------+---------+------------+-----------+----------+------+------------------+--------------+-------------------+--------------+
| A1         | ADC_D_P[23]  | High Range | IO_L1N_T0_AD4N_35            | INPUT         | LVDS_25     |      35 |            |      | 100 Ohm Differential |                 NONE |         | FIXED      |           |          |      | NONE             |              |                   |              |
| A2         |              |            | GND                          | GND           |             |         |            |      |                      |                      |     0.0 |            |           |          |      |                  |              |                   |              |
| A3         |              |            | GND                          | GND           |             |         |            |      |                      |                      |     0.0 |            |           |          |      |                  |              |                   |              |
| A4         |              |            | MGTPTXN0_216                 | Gigabit       |             |         |            |      |                      |                      |         |            |           |          |      |                  |              |                   |              |
| A5         |              |            | GND                          | GND           |             |         |            |      |                      |                      |     0.0 |            |           |          |      |                  |              |                   |              |
| A6         |              |            | MGTPTXN2_216                 | Gigabit       |             |         |            |      |                      |                      |         |            |           |          |      |                  |              |                   |              |
| A7         |              |            | GND                          | GND           |             |         |            |      |                      |                      |     0.0 |            |           |          |      |                  |              |                   |              |
| A8         |              |            | MGTPRXN0_216                 | Gigabit       |             |         |            |      |                      |                      |         |            |           |          |      |                  |              |                   |              |
| A9         |              |            | GND                          | GND           |             |         |            |      |                      |                      |     0.0 |            |           |          |      |                  |              |                   |              |
| A10        |              |            | MGTPRXN2_216                 | Gigabit       |             |         |            |      |                      |                      |         |            |           |          |      |                  |              |                   |              |
| A11        |              |            | GND                          | GND           |             |         |            |      |                      |                      |     0.0 |            |           |          |      |                  |              |                   |              |
| A12        |              |            | GND                          | GND           |             |         |            |      |                      |                      |     0.0 |            |           |          |      |                  |              |                   |              |
| A13        | ETH_RXD[2]   | High Range | IO_L10P_T1_16                | INPUT         | LVCMOS33    |      16 |            |      |                      |                 NONE |         | FIXED      | PULLDOWN  |          |      | NONE             |              |                   |              |
| A14        | ETH_RXD[5]   | High Range | IO_L10N_T1_16                | INPUT         | LVCMOS33    |      16 |            |      |                      |                 NONE |         | FIXED      |           |          |      | NONE             |              |                   |              |
| A15        | ETH_RXD[7]   | High Range | IO_L9P_T1_DQS_16             | INPUT         | LVCMOS33    |      16 |            |      |                      |                 NONE |         | FIXED      |           |          |      | NONE             |              |                   |              |
| A16        |              | High Range | IO_L9N_T1_DQS_16             | User IO       |             |      16 |            |      |                      |                      |         |            |           |          |      |                  |              |                   |              |
| A17        |              | High Range | VCCO_16                      | VCCO          |             |      16 |            |      |                      |                      |    3.30 |            |           |          |      |                  |              |                   |              |
| A18        | ETH_TXD[7]   | High Range | IO_L17P_T2_16                | OUTPUT        | LVCMOS33    |      16 |         12 | SLOW |                      |                 NONE |         | FIXED      |           |          |      | NONE             |              |                   |              |
| A19        | ETH_TXD[5]   | High Range | IO_L17N_T2_16                | OUTPUT        | LVCMOS33    |      16 |         12 | SLOW |                      |                 NONE |         | FIXED      |           |          |      | NONE             |              |                   |              |
| A20        | ETH_TXD[4]   | High Range | IO_L16N_T2_16                | OUTPUT        | LVCMOS33    |      16 |         12 | SLOW |                      |                 NONE |         | FIXED      |           |          |      | NONE             |              |                   |              |
| A21        | ETH_TXD[2]   | High Range | IO_L21N_T3_DQS_16            | OUTPUT        | LVCMOS33    |      16 |         12 | SLOW |                      |                 NONE |         | FIXED      |           |          |      | NONE             |              |                   |              |
| A22        |              |            | GND                          | GND           |             |         |            |      |                      |                      |     0.0 |            |           |          |      |                  |              |                   |              |
| AA1        | ADC_D_P[12]  | High Range | IO_L7P_T1_34                 | INPUT         | LVDS_25     |      34 |            |      | 100 Ohm Differential |                 NONE |         | FIXED      |           |          |      | NONE             |              |                   |              |
| AA2        |              |            | GND                          | GND           |             |         |            |      |                      |                      |     0.0 |            |           |          |      |                  |              |                   |              |
| AA3        |              | High Range | IO_L9N_T1_DQS_34             | User IO       |             |      34 |            |      |                      |                      |         |            |           |          |      |                  |              |                   |              |
| AA4        | ADC_D_P[11]  | High Range | IO_L11N_T1_SRCC_34           | INPUT         | LVDS_25     |      34 |            |      | 100 Ohm Differential |                 NONE |         | FIXED      |           |          |      | NONE             |              |                   |              |
| AA5        |              | High Range | IO_L10P_T1_34                | User IO       |             |      34 |            |      |                      |                      |         |            |           |          |      |                  |              |                   |              |
| AA6        | ADC_D_N[10]  | High Range | IO_L18N_T2_34                | INPUT         | LVDS_25     |      34 |            |      | 100 Ohm Differential |                 NONE |         | FIXED      |           |          |      | NONE             |              |                   |              |
| AA7        |              | High Range | VCCO_34                      | VCCO          |             |      34 |            |      |                      |                      |    2.50 |            |           |          |      |                  |              |                   |              |
| AA8        | ADC_D_P[8]   | High Range | IO_L22P_T3_34                | INPUT         | LVDS_25     |      34 |            |      | 100 Ohm Differential |                 NONE |         | FIXED      |           |          |      | NONE             |              |                   |              |
| AA9        | ADC_D_P[7]   | High Range | IO_L8P_T1_13                 | INPUT         | LVDS_25     |      13 |            |      | 100 Ohm Differential |                 NONE |         | FIXED      |           |          |      | NONE             |              |                   |              |
| AA10       | ADC_D_P[6]   | High Range | IO_L9P_T1_DQS_13             | INPUT         | LVDS_25     |      13 |            |      | 100 Ohm Differential |                 NONE |         | FIXED      |           |          |      | NONE             |              |                   |              |
| AA11       | ADC_D_N[6]   | High Range | IO_L9N_T1_DQS_13             | INPUT         | LVDS_25     |      13 |            |      | 100 Ohm Differential |                 NONE |         | FIXED      |           |          |      | NONE             |              |                   |              |
| AA12       |              |            | GND                          | GND           |             |         |            |      |                      |                      |     0.0 |            |           |          |      |                  |              |                   |              |
| AA13       | ADC_D_P[4]   | High Range | IO_L3P_T0_DQS_13             | INPUT         | LVDS_25     |      13 |            |      | 100 Ohm Differential |                 NONE |         | FIXED      |           |          |      | NONE             |              |                   |              |
| AA14       | ADC_D_N[3]   | High Range | IO_L5N_T0_13                 | INPUT         | LVDS_25     |      13 |            |      | 100 Ohm Differential |                 NONE |         | FIXED      |           |          |      | NONE             |              |                   |              |
| AA15       | ADC_D_P[2]   | High Range | IO_L4P_T0_13                 | INPUT         | LVDS_25     |      13 |            |      | 100 Ohm Differential |                 NONE |         | FIXED      |           |          |      | NONE             |              |                   |              |
| AA16       | ADC_D_N[0]   | High Range | IO_L1N_T0_13                 | INPUT         | LVDS_25     |      13 |            |      | 100 Ohm Differential |                 NONE |         | FIXED      |           |          |      | NONE             |              |                   |              |
| AA17       |              | High Range | VCCO_13                      | VCCO          |             |      13 |            |      |                      |                      |    2.50 |            |           |          |      |                  |              |                   |              |
| AA18       | ATT_MUX[26]  | High Range | IO_L17P_T2_A14_D30_14        | OUTPUT        | LVCMOS33    |      14 |         12 | SLOW |                      |            FP_VTT_50 |         | FIXED      |           |          |      | NONE             |              |                   |              |
| AA19       | ATT_MUX[21]  | High Range | IO_L15P_T2_DQS_RDWR_B_14     | OUTPUT        | LVCMOS33    |      14 |         12 | SLOW |                      |            FP_VTT_50 |         | FIXED      |           |          |      | NONE             |              |                   |              |
| AA20       | ATT_MUX[12]  | High Range | IO_L8P_T1_D11_14             | OUTPUT        | LVCMOS33    |      14 |         12 | SLOW |                      |            FP_VTT_50 |         | FIXED      |           |          |      | NONE             |              |                   |              |
| AA21       | ATT_MUX[11]  | High Range | IO_L8N_T1_D12_14             | OUTPUT        | LVCMOS33    |      14 |         12 | SLOW |                      |            FP_VTT_50 |         | FIXED      |           |          |      | NONE             |              |                   |              |
| AA22       |              |            | GND                          | GND           |             |         |            |      |                      |                      |     0.0 |            |           |          |      |                  |              |                   |              |
| AB1        | ADC_D_N[12]  | High Range | IO_L7N_T1_34                 | INPUT         | LVDS_25     |      34 |            |      | 100 Ohm Differential |                 NONE |         | FIXED      |           |          |      | NONE             |              |                   |              |
| AB2        |              | High Range | IO_L8N_T1_34                 | User IO       |             |      34 |            |      |                      |                      |         |            |           |          |      |                  |              |                   |              |
| AB3        |              | High Range | IO_L8P_T1_34                 | User IO       |             |      34 |            |      |                      |                      |         |            |           |          |      |                  |              |                   |              |
| AB4        |              | High Range | VCCO_34                      | VCCO          |             |      34 |            |      |                      |                      |    2.50 |            |           |          |      |                  |              |                   |              |
| AB5        |              | High Range | IO_L10N_T1_34                | User IO       |             |      34 |            |      |                      |                      |         |            |           |          |      |                  |              |                   |              |
| AB6        | ADC_D_P[9]   | High Range | IO_L20N_T3_34                | INPUT         | LVDS_25     |      34 |            |      | 100 Ohm Differential |                 NONE |         | FIXED      |           |          |      | NONE             |              |                   |              |
| AB7        | ADC_D_N[9]   | High Range | IO_L20P_T3_34                | INPUT         | LVDS_25     |      34 |            |      | 100 Ohm Differential |                 NONE |         | FIXED      |           |          |      | NONE             |              |                   |              |
| AB8        | ADC_D_N[8]   | High Range | IO_L22N_T3_34                | INPUT         | LVDS_25     |      34 |            |      | 100 Ohm Differential |                 NONE |         | FIXED      |           |          |      | NONE             |              |                   |              |
| AB9        |              |            | GND                          | GND           |             |         |            |      |                      |                      |     0.0 |            |           |          |      |                  |              |                   |              |
| AB10       | ADC_D_N[7]   | High Range | IO_L8N_T1_13                 | INPUT         | LVDS_25     |      13 |            |      | 100 Ohm Differential |                 NONE |         | FIXED      |           |          |      | NONE             |              |                   |              |
| AB11       | ADC_D_P[5]   | High Range | IO_L7P_T1_13                 | INPUT         | LVDS_25     |      13 |            |      | 100 Ohm Differential |                 NONE |         | FIXED      |           |          |      | NONE             |              |                   |              |
| AB12       | ADC_D_N[5]   | High Range | IO_L7N_T1_13                 | INPUT         | LVDS_25     |      13 |            |      | 100 Ohm Differential |                 NONE |         | FIXED      |           |          |      | NONE             |              |                   |              |
| AB13       | ADC_D_N[4]   | High Range | IO_L3N_T0_DQS_13             | INPUT         | LVDS_25     |      13 |            |      | 100 Ohm Differential |                 NONE |         | FIXED      |           |          |      | NONE             |              |                   |              |
| AB14       |              | High Range | VCCO_13                      | VCCO          |             |      13 |            |      |                      |                      |    2.50 |            |           |          |      |                  |              |                   |              |
| AB15       | ADC_D_N[2]   | High Range | IO_L4N_T0_13                 | INPUT         | LVDS_25     |      13 |            |      | 100 Ohm Differential |                 NONE |         | FIXED      |           |          |      | NONE             |              |                   |              |
| AB16       | NIM_OUT_P    | High Range | IO_L2P_T0_13                 | OUTPUT        | LVDS_25     |      13 |            |      |                      |                 NONE |         | FIXED      |           |          |      | NONE             |              |                   |              |
| AB17       | NIM_OUT_N    | High Range | IO_L2N_T0_13                 | OUTPUT        | LVDS_25     |      13 |            |      |                      |                 NONE |         | FIXED      |           |          |      | NONE             |              |                   |              |
| AB18       | ATT_MUX[27]  | High Range | IO_L17N_T2_A13_D29_14        | OUTPUT        | LVCMOS33    |      14 |         12 | SLOW |                      |            FP_VTT_50 |         | FIXED      |           |          |      | NONE             |              |                   |              |
| AB19       |              |            | GND                          | GND           |             |         |            |      |                      |                      |     0.0 |            |           |          |      |                  |              |                   |              |
| AB20       | ATT_MUX[13]  | High Range | IO_L15N_T2_DQS_DOUT_CSO_B_14 | OUTPUT        | LVCMOS33    |      14 |         12 | SLOW |                      |            FP_VTT_50 |         | FIXED      |           |          |      | NONE             |              |                   |              |
| AB21       | ATT_MUX[15]  | High Range | IO_L10P_T1_D14_14            | OUTPUT        | LVCMOS33    |      14 |         12 | SLOW |                      |            FP_VTT_50 |         | FIXED      |           |          |      | NONE             |              |                   |              |
| AB22       | ATT_MUX[14]  | High Range | IO_L10N_T1_D15_14            | OUTPUT        | LVCMOS33    |      14 |         12 | SLOW |                      |            FP_VTT_50 |         | FIXED      |           |          |      | NONE             |              |                   |              |
| B1         | ADC_D_N[23]  | High Range | IO_L1P_T0_AD4P_35            | INPUT         | LVDS_25     |      35 |            |      | 100 Ohm Differential |                 NONE |         | FIXED      |           |          |      | NONE             |              |                   |              |
| B2         | ADC_D_P[22]  | High Range | IO_L2N_T0_AD12N_35           | INPUT         | LVDS_25     |      35 |            |      | 100 Ohm Differential |                 NONE |         | FIXED      |           |          |      | NONE             |              |                   |              |
| B3         |              |            | GND                          | GND           |             |         |            |      |                      |                      |     0.0 |            |           |          |      |                  |              |                   |              |
| B4         |              |            | MGTPTXP0_216                 | Gigabit       |             |         |            |      |                      |                      |         |            |           |          |      |                  |              |                   |              |
| B5         |              |            | MGTAVTT                      | Gigabit Power |             |         |            |      |                      |                      |         |            |           |          |      |                  |              |                   |              |
| B6         |              |            | MGTPTXP2_216                 | Gigabit       |             |         |            |      |                      |                      |         |            |           |          |      |                  |              |                   |              |
| B7         |              |            | MGTAVTT                      | Gigabit Power |             |         |            |      |                      |                      |         |            |           |          |      |                  |              |                   |              |
| B8         |              |            | MGTPRXP0_216                 | Gigabit       |             |         |            |      |                      |                      |         |            |           |          |      |                  |              |                   |              |
| B9         |              |            | MGTAVTT                      | Gigabit Power |             |         |            |      |                      |                      |         |            |           |          |      |                  |              |                   |              |
| B10        |              |            | MGTPRXP2_216                 | Gigabit       |             |         |            |      |                      |                      |         |            |           |          |      |                  |              |                   |              |
| B11        |              |            | MGTAVTT                      | Gigabit Power |             |         |            |      |                      |                      |         |            |           |          |      |                  |              |                   |              |
| B12        |              |            | GND                          | GND           |             |         |            |      |                      |                      |     0.0 |            |           |          |      |                  |              |                   |              |
| B13        | ETH_RXD[1]   | High Range | IO_L8N_T1_16                 | INPUT         | LVCMOS33    |      16 |            |      |                      |                 NONE |         | FIXED      | PULLUP    |          |      | NONE             |              |                   |              |
| B14        |              | High Range | VCCO_16                      | VCCO          |             |      16 |            |      |                      |                      |    3.30 |            |           |          |      |                  |              |                   |              |
| B15        | ETH_RXD[6]   | High Range | IO_L7P_T1_16                 | INPUT         | LVCMOS33    |      16 |            |      |                      |                 NONE |         | FIXED      |           |          |      | NONE             |              |                   |              |
| B16        | ETH_RX_ER    | High Range | IO_L7N_T1_16                 | INPUT         | LVCMOS33    |      16 |            |      |                      |                 NONE |         | FIXED      | PULLDOWN  |          |      | NONE             |              |                   |              |
| B17        | ETH_CRS      | High Range | IO_L11P_T1_SRCC_16           | INPUT         | LVCMOS33    |      16 |            |      |                      |                 NONE |         | FIXED      |           |          |      | NONE             |              |                   |              |
| B18        | ETH_TXD[6]   | High Range | IO_L11N_T1_SRCC_16           | OUTPUT        | LVCMOS33    |      16 |         12 | SLOW |                      |                 NONE |         | FIXED      |           |          |      | NONE             |              |                   |              |
| B19        |              |            | GND                          | GND           |             |         |            |      |                      |                      |     0.0 |            |           |          |      |                  |              |                   |              |
| B20        | ETH_TXD[3]   | High Range | IO_L16P_T2_16                | OUTPUT        | LVCMOS33    |      16 |         12 | SLOW |                      |                 NONE |         | FIXED      |           |          |      | NONE             |              |                   |              |
| B21        | ETH_TXD[1]   | High Range | IO_L21P_T3_DQS_16            | OUTPUT        | LVCMOS33    |      16 |         12 | SLOW |                      |                 NONE |         | FIXED      |           |          |      | NONE             |              |                   |              |
| B22        | ETH_TXD[0]   | High Range | IO_L20N_T3_16                | OUTPUT        | LVCMOS33    |      16 |         12 | SLOW |                      |                 NONE |         | FIXED      |           |          |      | NONE             |              |                   |              |
| C1         |              | High Range | VCCO_35                      | VCCO          |             |      35 |            |      |                      |                      |    2.50 |            |           |          |      |                  |              |                   |              |
| C2         | ADC_D_N[22]  | High Range | IO_L2P_T0_AD12P_35           | INPUT         | LVDS_25     |      35 |            |      | 100 Ohm Differential |                 NONE |         | FIXED      |           |          |      | NONE             |              |                   |              |
| C3         |              |            | GND                          | GND           |             |         |            |      |                      |                      |     0.0 |            |           |          |      |                  |              |                   |              |
| C4         |              |            | MGTAVTT                      | Gigabit Power |             |         |            |      |                      |                      |         |            |           |          |      |                  |              |                   |              |
| C5         |              |            | MGTPTXN1_216                 | Gigabit       |             |         |            |      |                      |                      |         |            |           |          |      |                  |              |                   |              |
| C6         |              |            | GND                          | GND           |             |         |            |      |                      |                      |     0.0 |            |           |          |      |                  |              |                   |              |
| C7         |              |            | MGTPTXN3_216                 | Gigabit       |             |         |            |      |                      |                      |         |            |           |          |      |                  |              |                   |              |
| C8         |              |            | MGTAVTT                      | Gigabit Power |             |         |            |      |                      |                      |         |            |           |          |      |                  |              |                   |              |
| C9         |              |            | MGTPRXN3_216                 | Gigabit       |             |         |            |      |                      |                      |         |            |           |          |      |                  |              |                   |              |
| C10        |              |            | GND                          | GND           |             |         |            |      |                      |                      |     0.0 |            |           |          |      |                  |              |                   |              |
| C11        |              |            | MGTPRXN1_216                 | Gigabit       |             |         |            |      |                      |                      |         |            |           |          |      |                  |              |                   |              |
| C12        |              |            | GND                          | GND           |             |         |            |      |                      |                      |     0.0 |            |           |          |      |                  |              |                   |              |
| C13        | ETH_RXD[0]   | High Range | IO_L8P_T1_16                 | INPUT         | LVCMOS33    |      16 |            |      |                      |                 NONE |         | FIXED      | PULLUP    |          |      | NONE             |              |                   |              |
| C14        | ETH_RXD[4]   | High Range | IO_L3P_T0_DQS_16             | INPUT         | LVCMOS33    |      16 |            |      |                      |                 NONE |         | FIXED      |           |          |      | NONE             |              |                   |              |
| C15        | ETH_RX_DV    | High Range | IO_L3N_T0_DQS_16             | INPUT         | LVCMOS33    |      16 |            |      |                      |                 NONE |         | FIXED      |           |          |      | NONE             |              |                   |              |
| C16        |              |            | GND                          | GND           |             |         |            |      |                      |                      |     0.0 |            |           |          |      |                  |              |                   |              |
| C17        | ETH_COL      | High Range | IO_L12N_T1_MRCC_16           | INPUT         | LVCMOS33    |      16 |            |      |                      |                 NONE |         | FIXED      | PULLUP    |          |      | NONE             |              |                   |              |
| C18        | ETH_TX_CLK   | High Range | IO_L13P_T2_MRCC_16           | INPUT         | LVCMOS33    |      16 |            |      |                      |                 NONE |         | FIXED      |           |          |      | NONE             |              |                   |              |
| C19        |              | High Range | IO_L13N_T2_MRCC_16           | User IO       |             |      16 |            |      |                      |                      |         |            |           |          |      |                  |              |                   |              |
| C20        | J0S[5]       | High Range | IO_L19N_T3_VREF_16           | INPUT         | LVCMOS33    |      16 |            |      |                      |                 NONE |         | FIXED      |           |          |      | NONE             |              |                   |              |
| C21        |              | High Range | VCCO_16                      | VCCO          |             |      16 |            |      |                      |                      |    3.30 |            |           |          |      |                  |              |                   |              |
| C22        | ETH_TX_EN    | High Range | IO_L20P_T3_16                | OUTPUT        | LVCMOS33    |      16 |         12 | SLOW |                      |                 NONE |         | FIXED      |           |          |      | NONE             |              |                   |              |
| D1         | ADC_D_P[21]  | High Range | IO_L3N_T0_DQS_AD5N_35        | INPUT         | LVDS_25     |      35 |            |      | 100 Ohm Differential |                 NONE |         | FIXED      |           |          |      | NONE             |              |                   |              |
| D2         | ADC_D_P[20]  | High Range | IO_L4N_T0_35                 | INPUT         | LVDS_25     |      35 |            |      | 100 Ohm Differential |                 NONE |         | FIXED      |           |          |      | NONE             |              |                   |              |
| D3         |              |            | GND                          | GND           |             |         |            |      |                      |                      |     0.0 |            |           |          |      |                  |              |                   |              |
| D4         |              |            | GND                          | GND           |             |         |            |      |                      |                      |     0.0 |            |           |          |      |                  |              |                   |              |
| D5         |              |            | MGTPTXP1_216                 | Gigabit       |             |         |            |      |                      |                      |         |            |           |          |      |                  |              |                   |              |
| D6         |              |            | MGTAVCC                      | Gigabit Power |             |         |            |      |                      |                      |         |            |           |          |      |                  |              |                   |              |
| D7         |              |            | MGTPTXP3_216                 | Gigabit       |             |         |            |      |                      |                      |         |            |           |          |      |                  |              |                   |              |
| D8         |              |            | GND                          | GND           |             |         |            |      |                      |                      |     0.0 |            |           |          |      |                  |              |                   |              |
| D9         |              |            | MGTPRXP3_216                 | Gigabit       |             |         |            |      |                      |                      |         |            |           |          |      |                  |              |                   |              |
| D10        |              |            | MGTAVCC                      | Gigabit Power |             |         |            |      |                      |                      |         |            |           |          |      |                  |              |                   |              |
| D11        |              |            | MGTPRXP1_216                 | Gigabit       |             |         |            |      |                      |                      |         |            |           |          |      |                  |              |                   |              |
| D12        |              |            | GND                          | GND           |             |         |            |      |                      |                      |     0.0 |            |           |          |      |                  |              |                   |              |
| D13        |              |            | GND                          | GND           |             |         |            |      |                      |                      |     0.0 |            |           |          |      |                  |              |                   |              |
| D14        | ETH_RXD[3]   | High Range | IO_L6P_T0_16                 | INPUT         | LVCMOS33    |      16 |            |      |                      |                 NONE |         | FIXED      | PULLDOWN  |          |      | NONE             |              |                   |              |
| D15        |              | High Range | IO_L6N_T0_VREF_16            | User IO       |             |      16 |            |      |                      |                      |         |            |           |          |      |                  |              |                   |              |
| D16        |              | High Range | IO_L5N_T0_16                 | User IO       |             |      16 |            |      |                      |                      |         |            |           |          |      |                  |              |                   |              |
| D17        | J0S[3]       | High Range | IO_L12P_T1_MRCC_16           | INPUT         | LVCMOS33    |      16 |            |      |                      |                 NONE |         | FIXED      |           |          |      | NONE             |              |                   |              |
| D18        |              | High Range | VCCO_16                      | VCCO          |             |      16 |            |      |                      |                      |    3.30 |            |           |          |      |                  |              |                   |              |
| D19        |              | High Range | IO_L14N_T2_SRCC_16           | User IO       |             |      16 |            |      |                      |                      |         |            |           |          |      |                  |              |                   |              |
| D20        | J0S[7]       | High Range | IO_L19P_T3_16                | INPUT         | LVCMOS33    |      16 |            |      |                      |                 NONE |         | FIXED      |           |          |      | NONE             |              |                   |              |
| D21        | ETH_TX_ER    | High Range | IO_L23N_T3_16                | OUTPUT        | LVCMOS33    |      16 |         12 | SLOW |                      |                 NONE |         | FIXED      |           |          |      | NONE             |              |                   |              |
| D22        | GTX_CLK      | High Range | IO_L22N_T3_16                | OUTPUT        | LVCMOS33    |      16 |         12 | SLOW |                      |                 NONE |         | FIXED      |           |          |      | NONE             |              |                   |              |
| E1         | ADC_D_N[21]  | High Range | IO_L3P_T0_DQS_AD5P_35        | INPUT         | LVDS_25     |      35 |            |      | 100 Ohm Differential |                 NONE |         | FIXED      |           |          |      | NONE             |              |                   |              |
| E2         | ADC_D_N[20]  | High Range | IO_L4P_T0_35                 | INPUT         | LVDS_25     |      35 |            |      | 100 Ohm Differential |                 NONE |         | FIXED      |           |          |      | NONE             |              |                   |              |
| E3         | ADC_CSB[3]   | High Range | IO_L6N_T0_VREF_35            | TRISTATE      | LVCMOS25    |      35 |         12 | SLOW |                      |                 NONE |         | FIXED      |           |          |      | NONE             |              |                   |              |
| E4         |              |            | GND                          | GND           |             |         |            |      |                      |                      |     0.0 |            |           |          |      |                  |              |                   |              |
| E5         |              |            | GND                          | GND           |             |         |            |      |                      |                      |     0.0 |            |           |          |      |                  |              |                   |              |
| E6         |              |            | MGTREFCLK0N_216              | Gigabit       |             |         |            |      |                      |                      |         |            |           |          |      |                  |              |                   |              |
| E7         |              |            | GND                          | GND           |             |         |            |      |                      |                      |     0.0 |            |           |          |      |                  |              |                   |              |
| E8         |              |            | MGTAVCC                      | Gigabit Power |             |         |            |      |                      |                      |         |            |           |          |      |                  |              |                   |              |
| E9         |              |            | GND                          | GND           |             |         |            |      |                      |                      |     0.0 |            |           |          |      |                  |              |                   |              |
| E10        |              |            | MGTREFCLK1N_216              | Gigabit       |             |         |            |      |                      |                      |         |            |           |          |      |                  |              |                   |              |
| E11        |              |            | GND                          | GND           |             |         |            |      |                      |                      |     0.0 |            |           |          |      |                  |              |                   |              |
| E12        |              | Dedicated  | VCCBATT_0                    | Config        |             |       0 |            |      |                      |                      |         |            |           |          |      |                  |              |                   |              |
| E13        | C[1]         | High Range | IO_L4P_T0_16                 | OUTPUT        | LVCMOS33    |      16 |         12 | SLOW |                      |            FP_VTT_50 |         | FIXED      |           |          |      | NONE             |              |                   |              |
| E14        | J0S[2]       | High Range | IO_L4N_T0_16                 | INPUT         | LVCMOS33    |      16 |            |      |                      |                 NONE |         | FIXED      |           |          |      | NONE             |              |                   |              |
| E15        |              | High Range | VCCO_16                      | VCCO          |             |      16 |            |      |                      |                      |    3.30 |            |           |          |      |                  |              |                   |              |
| E16        | J0S[6]       | High Range | IO_L5P_T0_16                 | INPUT         | LVCMOS33    |      16 |            |      |                      |                 NONE |         | FIXED      |           |          |      | NONE             |              |                   |              |
| E17        |              | High Range | IO_L2N_T0_16                 | User IO       |             |      16 |            |      |                      |                      |         |            |           |          |      |                  |              |                   |              |
| E18        |              | High Range | IO_L15N_T2_DQS_16            | User IO       |             |      16 |            |      |                      |                      |         |            |           |          |      |                  |              |                   |              |
| E19        | ETH_RX_CLK   | High Range | IO_L14P_T2_SRCC_16           | INPUT         | LVCMOS33    |      16 |            |      |                      |                 NONE |         | FIXED      | PULLDOWN  |          |      | NONE             |              |                   |              |
| E20        |              |            | GND                          | GND           |             |         |            |      |                      |                      |     0.0 |            |           |          |      |                  |              |                   |              |
| E21        | LED_1000     | High Range | IO_L23P_T3_16                | INPUT         | LVCMOS33    |      16 |            |      |                      |                 NONE |         | FIXED      |           |          |      | NONE             |              |                   |              |
| E22        | ETH_MDC      | High Range | IO_L22P_T3_16                | OUTPUT        | LVCMOS33    |      16 |         12 | SLOW |                      |                 NONE |         | FIXED      |           |          |      | NONE             |              |                   |              |
| F1         |              | High Range | IO_L5N_T0_AD13N_35           | User IO       |             |      35 |            |      |                      |                      |         |            |           |          |      |                  |              |                   |              |
| F2         |              | High Range | VCCO_35                      | VCCO          |             |      35 |            |      |                      |                      |    2.50 |            |           |          |      |                  |              |                   |              |
| F3         | ADC_SDIO[3]  | High Range | IO_L6P_T0_35                 | BIDIR         | LVCMOS25    |      35 |         12 | SLOW |                      |                 NONE |         | FIXED      | PULLUP    |          |      | NONE             |              |                   |              |
| F4         |              | High Range | IO_0_35                      | User IO       |             |      35 |            |      |                      |                      |         |            |           |          |      |                  |              |                   |              |
| F5         |              |            | GND                          | GND           |             |         |            |      |                      |                      |     0.0 |            |           |          |      |                  |              |                   |              |
| F6         |              |            | MGTREFCLK0P_216              | Gigabit       |             |         |            |      |                      |                      |         |            |           |          |      |                  |              |                   |              |
| F7         |              |            | MGTAVCC                      | Gigabit Power |             |         |            |      |                      |                      |         |            |           |          |      |                  |              |                   |              |
| F8         |              |            | MGTRREF_216                  | Gigabit       |             |         |            |      |                      |                      |         |            |           |          |      |                  |              |                   |              |
| F9         |              |            | MGTAVCC                      | Gigabit Power |             |         |            |      |                      |                      |         |            |           |          |      |                  |              |                   |              |
| F10        |              |            | MGTREFCLK1P_216              | Gigabit       |             |         |            |      |                      |                      |         |            |           |          |      |                  |              |                   |              |
| F11        |              |            | GND                          | GND           |             |         |            |      |                      |                      |     0.0 |            |           |          |      |                  |              |                   |              |
| F12        |              | Dedicated  | VCCO_0                       | VCCO          |             |       0 |            |      |                      |                      |   any** |            |           |          |      |                  |              |                   |              |
| F13        |              | High Range | IO_L1P_T0_16                 | User IO       |             |      16 |            |      |                      |                      |         |            |           |          |      |                  |              |                   |              |
| F14        | C[0]         | High Range | IO_L1N_T0_16                 | OUTPUT        | LVCMOS33    |      16 |         12 | SLOW |                      |            FP_VTT_50 |         | FIXED      |           |          |      | NONE             |              |                   |              |
| F15        | J0S[4]       | High Range | IO_0_16                      | INPUT         | LVCMOS33    |      16 |            |      |                      |                 NONE |         | FIXED      |           |          |      | NONE             |              |                   |              |
| F16        |              | High Range | IO_L2P_T0_16                 | User IO       |             |      16 |            |      |                      |                      |         |            |           |          |      |                  |              |                   |              |
| F17        |              |            | GND                          | GND           |             |         |            |      |                      |                      |     0.0 |            |           |          |      |                  |              |                   |              |
| F18        |              | High Range | IO_L15P_T2_DQS_16            | User IO       |             |      16 |            |      |                      |                      |         |            |           |          |      |                  |              |                   |              |
| F19        |              | High Range | IO_L18P_T2_16                | User IO       |             |      16 |            |      |                      |                      |         |            |           |          |      |                  |              |                   |              |
| F20        |              | High Range | IO_L18N_T2_16                | User IO       |             |      16 |            |      |                      |                      |         |            |           |          |      |                  |              |                   |              |
| F21        | ETH_MDIO     | High Range | IO_25_16                     | BIDIR         | LVCMOS33    |      16 |         12 | SLOW |                      |                 NONE |         | FIXED      |           |          |      | NONE             |              |                   |              |
| F22        |              | High Range | VCCO_16                      | VCCO          |             |      16 |            |      |                      |                      |    3.30 |            |           |          |      |                  |              |                   |              |
| G1         |              | High Range | IO_L5P_T0_AD13P_35           | User IO       |             |      35 |            |      |                      |                      |         |            |           |          |      |                  |              |                   |              |
| G2         |              | High Range | IO_L8N_T1_AD14N_35           | User IO       |             |      35 |            |      |                      |                      |         |            |           |          |      |                  |              |                   |              |
| G3         | ADC_FCO_N[3] | High Range | IO_L11N_T1_SRCC_35           | INPUT         | LVDS_25     |      35 |            |      | 100 Ohm Differential |                 NONE |         | FIXED      |           |          |      | NONE             |              |                   |              |
| G4         | ADC_DCO_N[3] | High Range | IO_L12N_T1_MRCC_35           | INPUT         | LVDS_25     |      35 |            |      | 100 Ohm Differential |                 NONE |         | FIXED      |           |          |      | NONE             |              |                   |              |
| G5         |              |            | GND                          | GND           |             |         |            |      |                      |                      |     0.0 |            |           |          |      |                  |              |                   |              |
| G6         |              |            | GND                          | GND           |             |         |            |      |                      |                      |     0.0 |            |           |          |      |                  |              |                   |              |
| G7         |              |            | GND                          | GND           |             |         |            |      |                      |                      |     0.0 |            |           |          |      |                  |              |                   |              |
| G8         |              |            | GND                          | GND           |             |         |            |      |                      |                      |     0.0 |            |           |          |      |                  |              |                   |              |
| G9         |              |            | GND                          | GND           |             |         |            |      |                      |                      |     0.0 |            |           |          |      |                  |              |                   |              |
| G10        |              |            | GND                          | GND           |             |         |            |      |                      |                      |     0.0 |            |           |          |      |                  |              |                   |              |
| G11        |              | Dedicated  | DONE_0                       | Config        |             |       0 |            |      |                      |                      |         |            |           |          |      |                  |              |                   |              |
| G12        |              |            | GND                          | GND           |             |         |            |      |                      |                      |     0.0 |            |           |          |      |                  |              |                   |              |
| G13        | ATT_MUX[32]  | High Range | IO_L1N_T0_AD0N_15            | OUTPUT        | LVCMOS33    |      15 |         12 | SLOW |                      |            FP_VTT_50 |         | FIXED      |           |          |      | NONE             |              |                   |              |
| G14        |              |            | GND                          | GND           |             |         |            |      |                      |                      |     0.0 |            |           |          |      |                  |              |                   |              |
| G15        | ATT_MUX[33]  | High Range | IO_L2P_T0_AD8P_15            | OUTPUT        | LVCMOS33    |      15 |         12 | SLOW |                      |            FP_VTT_50 |         | FIXED      |           |          |      | NONE             |              |                   |              |
| G16        | ATT_MUX[34]  | High Range | IO_L2N_T0_AD8N_15            | OUTPUT        | LVCMOS33    |      15 |         12 | SLOW |                      |            FP_VTT_50 |         | FIXED      |           |          |      | NONE             |              |                   |              |
| G17        | ATT_MUX[35]  | High Range | IO_L4P_T0_15                 | OUTPUT        | LVCMOS33    |      15 |         12 | SLOW |                      |            FP_VTT_50 |         | FIXED      |           |          |      | NONE             |              |                   |              |
| G18        | ATT_MUX[36]  | High Range | IO_L4N_T0_15                 | OUTPUT        | LVCMOS33    |      15 |         12 | SLOW |                      |            FP_VTT_50 |         | FIXED      |           |          |      | NONE             |              |                   |              |
| G19        |              | High Range | VCCO_15                      | VCCO          |             |      15 |            |      |                      |                      |    3.30 |            |           |          |      |                  |              |                   |              |
| G20        | ATT_MUX[37]  | High Range | IO_L8N_T1_AD10N_15           | OUTPUT        | LVCMOS33    |      15 |         12 | SLOW |                      |            FP_VTT_50 |         | FIXED      |           |          |      | NONE             |              |                   |              |
| G21        | ETH_RSTn     | High Range | IO_L24P_T3_16                | OUTPUT        | LVCMOS33    |      16 |         12 | SLOW |                      |                 NONE |         | FIXED      |           |          |      | NONE             |              |                   |              |
| G22        |              | High Range | IO_L24N_T3_16                | User IO       |             |      16 |            |      |                      |                      |         |            |           |          |      |                  |              |                   |              |
| H1         |              |            | GND                          | GND           |             |         |            |      |                      |                      |     0.0 |            |           |          |      |                  |              |                   |              |
| H2         |              | High Range | IO_L8P_T1_AD14P_35           | User IO       |             |      35 |            |      |                      |                      |         |            |           |          |      |                  |              |                   |              |
| H3         | ADC_FCO_P[3] | High Range | IO_L11P_T1_SRCC_35           | INPUT         | LVDS_25     |      35 |            |      | 100 Ohm Differential |                 NONE |         | FIXED      |           |          |      | NONE             |              |                   |              |
| H4         | ADC_DCO_P[3] | High Range | IO_L12P_T1_MRCC_35           | INPUT         | LVDS_25     |      35 |            |      | 100 Ohm Differential |                 NONE |         | FIXED      |           |          |      | NONE             |              |                   |              |
| H5         | ADC_SCLK[3]  | High Range | IO_L10N_T1_AD15N_35          | OUTPUT        | LVCMOS25    |      35 |         12 | SLOW |                      |                 NONE |         | FIXED      |           |          |      | NONE             |              |                   |              |
| H6         |              | High Range | VCCO_35                      | VCCO          |             |      35 |            |      |                      |                      |    2.50 |            |           |          |      |                  |              |                   |              |
| H7         |              |            | GND                          | GND           |             |         |            |      |                      |                      |     0.0 |            |           |          |      |                  |              |                   |              |
| H8         |              |            | VCCINT                       | VCCINT        |             |         |            |      |                      |                      |         |            |           |          |      |                  |              |                   |              |
| H9         |              |            | GND                          | GND           |             |         |            |      |                      |                      |     0.0 |            |           |          |      |                  |              |                   |              |
| H10        |              |            | VCCINT                       | VCCINT        |             |         |            |      |                      |                      |         |            |           |          |      |                  |              |                   |              |
| H11        |              |            | GND                          | GND           |             |         |            |      |                      |                      |     0.0 |            |           |          |      |                  |              |                   |              |
| H12        |              |            | VCCAUX                       | VCCAUX        |             |         |            |      |                      |                      |    1.80 |            |           |          |      |                  |              |                   |              |
| H13        |              | High Range | IO_L1P_T0_AD0P_15            | User IO       |             |      15 |            |      |                      |                      |         |            |           |          |      |                  |              |                   |              |
| H14        |              | High Range | IO_L3N_T0_DQS_AD1N_15        | User IO       |             |      15 |            |      |                      |                      |         |            |           |          |      |                  |              |                   |              |
| H15        |              | High Range | IO_L5N_T0_AD9N_15            | User IO       |             |      15 |            |      |                      |                      |         |            |           |          |      |                  |              |                   |              |
| H16        |              | High Range | VCCO_15                      | VCCO          |             |      15 |            |      |                      |                      |    3.30 |            |           |          |      |                  |              |                   |              |
| H17        |              | High Range | IO_L6P_T0_15                 | User IO       |             |      15 |            |      |                      |                      |         |            |           |          |      |                  |              |                   |              |
| H18        | ATT_MUX[38]  | High Range | IO_L6N_T0_VREF_15            | OUTPUT        | LVCMOS33    |      15 |         12 | SLOW |                      |            FP_VTT_50 |         | FIXED      |           |          |      | NONE             |              |                   |              |
| H19        | INTERLOCK    | High Range | IO_L12N_T1_MRCC_15           | OUTPUT        | LVCMOS33    |      15 |         12 | SLOW |                      |            FP_VTT_50 |         | FIXED      |           |          |      | NONE             |              |                   |              |
| H20        | ATT_MUX[39]  | High Range | IO_L8P_T1_AD10P_15           | OUTPUT        | LVCMOS33    |      15 |         12 | SLOW |                      |            FP_VTT_50 |         | FIXED      |           |          |      | NONE             |              |                   |              |
| H21        |              |            | GND                          | GND           |             |         |            |      |                      |                      |     0.0 |            |           |          |      |                  |              |                   |              |
| H22        |              | High Range | IO_L7N_T1_AD2N_15            | User IO       |             |      15 |            |      |                      |                      |         |            |           |          |      |                  |              |                   |              |
| J1         | ADC_D_P[19]  | High Range | IO_L7N_T1_AD6N_35            | INPUT         | LVDS_25     |      35 |            |      | 100 Ohm Differential |                 NONE |         | FIXED      |           |          |      | NONE             |              |                   |              |
| J2         |              | High Range | IO_L9N_T1_DQS_AD7N_35        | User IO       |             |      35 |            |      |                      |                      |         |            |           |          |      |                  |              |                   |              |
| J3         |              | High Range | VCCO_35                      | VCCO          |             |      35 |            |      |                      |                      |    2.50 |            |           |          |      |                  |              |                   |              |
| J4         | CLK75mn      | High Range | IO_L13N_T2_MRCC_35           | INPUT         | LVDS_25     |      35 |            |      | 100 Ohm Differential |                 NONE |         | FIXED      |           |          |      | NONE             |              |                   |              |
| J5         |              | High Range | IO_L10P_T1_AD15P_35          | User IO       |             |      35 |            |      |                      |                      |         |            |           |          |      |                  |              |                   |              |
| J6         |              | High Range | IO_L17N_T2_35                | User IO       |             |      35 |            |      |                      |                      |         |            |           |          |      |                  |              |                   |              |
| J7         |              |            | VCCINT                       | VCCINT        |             |         |            |      |                      |                      |         |            |           |          |      |                  |              |                   |              |
| J8         |              |            | GND                          | GND           |             |         |            |      |                      |                      |     0.0 |            |           |          |      |                  |              |                   |              |
| J9         |              |            | VCCINT                       | VCCINT        |             |         |            |      |                      |                      |         |            |           |          |      |                  |              |                   |              |
| J10        |              |            | GND                          | GND           |             |         |            |      |                      |                      |     0.0 |            |           |          |      |                  |              |                   |              |
| J11        |              |            | VCCBRAM                      | VCCBRAM       |             |         |            |      |                      |                      |         |            |           |          |      |                  |              |                   |              |
| J12        |              |            | GND                          | GND           |             |         |            |      |                      |                      |     0.0 |            |           |          |      |                  |              |                   |              |
| J13        |              | High Range | VCCO_15                      | VCCO          |             |      15 |            |      |                      |                      |    3.30 |            |           |          |      |                  |              |                   |              |
| J14        |              | High Range | IO_L3P_T0_DQS_AD1P_15        | User IO       |             |      15 |            |      |                      |                      |         |            |           |          |      |                  |              |                   |              |
| J15        |              | High Range | IO_L5P_T0_AD9P_15            | User IO       |             |      15 |            |      |                      |                      |         |            |           |          |      |                  |              |                   |              |
| J16        |              | High Range | IO_0_15                      | User IO       |             |      15 |            |      |                      |                      |         |            |           |          |      |                  |              |                   |              |
| J17        | ATT_MUX[40]  | High Range | IO_L21N_T3_DQS_A18_15        | OUTPUT        | LVCMOS33    |      15 |         12 | SLOW |                      |            FP_VTT_50 |         | FIXED      |           |          |      | NONE             |              |                   |              |
| J18        |              |            | GND                          | GND           |             |         |            |      |                      |                      |     0.0 |            |           |          |      |                  |              |                   |              |
| J19        | NIM_INn[2]   | High Range | IO_L12P_T1_MRCC_15           | INPUT         | LVCMOS33    |      15 |            |      |                      |                 NONE |         | FIXED      |           |          |      | NONE             |              |                   |              |
| J20        |              | High Range | IO_L11P_T1_SRCC_15           | User IO       |             |      15 |            |      |                      |                      |         |            |           |          |      |                  |              |                   |              |
| J21        | EEPROM_SK    | High Range | IO_L11N_T1_SRCC_15           | OUTPUT        | LVCMOS33    |      15 |         12 | SLOW |                      |                 NONE |         | FIXED      |           |          |      | NONE             |              |                   |              |
| J22        | EEPROM_CS    | High Range | IO_L7P_T1_AD2P_15            | OUTPUT        | LVCMOS33    |      15 |         12 | SLOW |                      |                 NONE |         | FIXED      |           |          |      | NONE             |              |                   |              |
| K1         | ADC_D_N[19]  | High Range | IO_L7P_T1_AD6P_35            | INPUT         | LVDS_25     |      35 |            |      | 100 Ohm Differential |                 NONE |         | FIXED      |           |          |      | NONE             |              |                   |              |
| K2         |              | High Range | IO_L9P_T1_DQS_AD7P_35        | User IO       |             |      35 |            |      |                      |                      |         |            |           |          |      |                  |              |                   |              |
| K3         |              | High Range | IO_L14N_T2_SRCC_35           | User IO       |             |      35 |            |      |                      |                      |         |            |           |          |      |                  |              |                   |              |
| K4         | CLK75mp      | High Range | IO_L13P_T2_MRCC_35           | INPUT         | LVDS_25     |      35 |            |      | 100 Ohm Differential |                 NONE |         | FIXED      |           |          |      | NONE             |              |                   |              |
| K5         |              |            | GND                          | GND           |             |         |            |      |                      |                      |     0.0 |            |           |          |      |                  |              |                   |              |
| K6         |              | High Range | IO_L17P_T2_35                | User IO       |             |      35 |            |      |                      |                      |         |            |           |          |      |                  |              |                   |              |
| K7         |              |            | GND                          | GND           |             |         |            |      |                      |                      |     0.0 |            |           |          |      |                  |              |                   |              |
| K8         |              |            | VCCINT                       | VCCINT        |             |         |            |      |                      |                      |         |            |           |          |      |                  |              |                   |              |
| K9         |              | Dedicated  | GNDADC_0                     | XADC          |             |       0 |            |      |                      |                      |         |            |           |          |      |                  |              |                   |              |
| K10        |              | Dedicated  | VCCADC_0                     | XADC          |             |       0 |            |      |                      |                      |         |            |           |          |      |                  |              |                   |              |
| K11        |              |            | GND                          | GND           |             |         |            |      |                      |                      |     0.0 |            |           |          |      |                  |              |                   |              |
| K12        |              |            | VCCAUX                       | VCCAUX        |             |         |            |      |                      |                      |    1.80 |            |           |          |      |                  |              |                   |              |
| K13        |              | High Range | IO_L19P_T3_A22_15            | User IO       |             |      15 |            |      |                      |                      |         |            |           |          |      |                  |              |                   |              |
| K14        |              | High Range | IO_L19N_T3_A21_VREF_15       | User IO       |             |      15 |            |      |                      |                      |         |            |           |          |      |                  |              |                   |              |
| K15        |              |            | GND                          | GND           |             |         |            |      |                      |                      |     0.0 |            |           |          |      |                  |              |                   |              |
| K16        | ATT_MUX[41]  | High Range | IO_L23N_T3_FWE_B_15          | OUTPUT        | LVCMOS33    |      15 |         12 | SLOW |                      |            FP_VTT_50 |         | FIXED      |           |          |      | NONE             |              |                   |              |
| K17        |              | High Range | IO_L21P_T3_DQS_15            | User IO       |             |      15 |            |      |                      |                      |         |            |           |          |      |                  |              |                   |              |
| K18        | NIM_INn[1]   | High Range | IO_L13P_T2_MRCC_15           | INPUT         | LVCMOS33    |      15 |            |      |                      |                 NONE |         | FIXED      |           |          |      | NONE             |              |                   |              |
| K19        |              | High Range | IO_L13N_T2_MRCC_15           | User IO       |             |      15 |            |      |                      |                      |         |            |           |          |      |                  |              |                   |              |
| K20        |              | High Range | VCCO_15                      | VCCO          |             |      15 |            |      |                      |                      |    3.30 |            |           |          |      |                  |              |                   |              |
| K21        | EEPROM_DI    | High Range | IO_L9P_T1_DQS_AD3P_15        | OUTPUT        | LVCMOS33    |      15 |         12 | SLOW |                      |                 NONE |         | FIXED      |           |          |      | NONE             |              |                   |              |
| K22        | EEPROM_DO    | High Range | IO_L9N_T1_DQS_AD3N_15        | INPUT         | LVCMOS33    |      15 |            |      |                      |                 NONE |         | FIXED      |           |          |      | NONE             |              |                   |              |
| L1         | ADC_D_P[18]  | High Range | IO_L15N_T2_DQS_35            | INPUT         | LVDS_25     |      35 |            |      | 100 Ohm Differential |                 NONE |         | FIXED      |           |          |      | NONE             |              |                   |              |
| L2         |              |            | GND                          | GND           |             |         |            |      |                      |                      |     0.0 |            |           |          |      |                  |              |                   |              |
| L3         |              | High Range | IO_L14P_T2_SRCC_35           | User IO       |             |      35 |            |      |                      |                      |         |            |           |          |      |                  |              |                   |              |
| L4         |              | High Range | IO_L18N_T2_35                | User IO       |             |      35 |            |      |                      |                      |         |            |           |          |      |                  |              |                   |              |
| L5         |              | High Range | IO_L18P_T2_35                | User IO       |             |      35 |            |      |                      |                      |         |            |           |          |      |                  |              |                   |              |
| L6         |              | High Range | IO_25_35                     | User IO       |             |      35 |            |      |                      |                      |         |            |           |          |      |                  |              |                   |              |
| L7         |              |            | VCCINT                       | VCCINT        |             |         |            |      |                      |                      |         |            |           |          |      |                  |              |                   |              |
| L8         |              |            | GND                          | GND           |             |         |            |      |                      |                      |     0.0 |            |           |          |      |                  |              |                   |              |
| L9         |              | Dedicated  | VREFN_0                      | XADC          |             |       0 |            |      |                      |                      |         |            |           |          |      |                  |              |                   |              |
| L10        |              | Dedicated  | VP_0                         | XADC          |             |       0 |            |      |                      |                      |         |            |           |          |      |                  |              |                   |              |
| L11        |              |            | VCCBRAM                      | VCCBRAM       |             |         |            |      |                      |                      |         |            |           |          |      |                  |              |                   |              |
| L12        |              | Dedicated  | CCLK_0                       | Config        |             |       0 |            |      |                      |                      |         |            |           |          |      |                  |              |                   |              |
| L13        |              | High Range | IO_L20N_T3_A19_15            | User IO       |             |      15 |            |      |                      |                      |         |            |           |          |      |                  |              |                   |              |
| L14        |              | High Range | IO_L22P_T3_A17_15            | User IO       |             |      15 |            |      |                      |                      |         |            |           |          |      |                  |              |                   |              |
| L15        | ATT_MUX[42]  | High Range | IO_L22N_T3_A16_15            | OUTPUT        | LVCMOS33    |      15 |         12 | SLOW |                      |            FP_VTT_50 |         | FIXED      |           |          |      | NONE             |              |                   |              |
| L16        | ATT_MUX[43]  | High Range | IO_L23P_T3_FOE_B_15          | OUTPUT        | LVCMOS33    |      15 |         12 | SLOW |                      |            FP_VTT_50 |         | FIXED      |           |          |      | NONE             |              |                   |              |
| L17        |              | High Range | VCCO_15                      | VCCO          |             |      15 |            |      |                      |                      |    3.30 |            |           |          |      |                  |              |                   |              |
| L18        |              | High Range | IO_L16N_T2_A27_15            | User IO       |             |      15 |            |      |                      |                      |         |            |           |          |      |                  |              |                   |              |
| L19        | NIM_INn[4]   | High Range | IO_L14P_T2_SRCC_15           | INPUT         | LVCMOS33    |      15 |            |      |                      |                 NONE |         | FIXED      |           |          |      | NONE             |              |                   |              |
| L20        | NIM_INn[3]   | High Range | IO_L14N_T2_SRCC_15           | INPUT         | LVCMOS33    |      15 |            |      |                      |                 NONE |         | FIXED      |           |          |      | NONE             |              |                   |              |
| L21        |              | High Range | IO_L10N_T1_AD11N_15          | User IO       |             |      15 |            |      |                      |                      |         |            |           |          |      |                  |              |                   |              |
| L22        |              |            | GND                          | GND           |             |         |            |      |                      |                      |     0.0 |            |           |          |      |                  |              |                   |              |
| M1         | ADC_D_N[18]  | High Range | IO_L15P_T2_DQS_35            | INPUT         | LVDS_25     |      35 |            |      | 100 Ohm Differential |                 NONE |         | FIXED      |           |          |      | NONE             |              |                   |              |
| M2         | ADC_D_P[17]  | High Range | IO_L16N_T2_35                | INPUT         | LVDS_25     |      35 |            |      | 100 Ohm Differential |                 NONE |         | FIXED      |           |          |      | NONE             |              |                   |              |
| M3         | ADC_D_N[17]  | High Range | IO_L16P_T2_35                | INPUT         | LVDS_25     |      35 |            |      | 100 Ohm Differential |                 NONE |         | FIXED      |           |          |      | NONE             |              |                   |              |
| M4         |              | High Range | VCCO_35                      | VCCO          |             |      35 |            |      |                      |                      |    2.50 |            |           |          |      |                  |              |                   |              |
| M5         |              | High Range | IO_L23N_T3_35                | User IO       |             |      35 |            |      |                      |                      |         |            |           |          |      |                  |              |                   |              |
| M6         |              | High Range | IO_L23P_T3_35                | User IO       |             |      35 |            |      |                      |                      |         |            |           |          |      |                  |              |                   |              |
| M7         |              |            | GND                          | GND           |             |         |            |      |                      |                      |     0.0 |            |           |          |      |                  |              |                   |              |
| M8         |              |            | VCCINT                       | VCCINT        |             |         |            |      |                      |                      |         |            |           |          |      |                  |              |                   |              |
| M9         |              | Dedicated  | VN_0                         | XADC          |             |       0 |            |      |                      |                      |         |            |           |          |      |                  |              |                   |              |
| M10        |              | Dedicated  | VREFP_0                      | XADC          |             |       0 |            |      |                      |                      |         |            |           |          |      |                  |              |                   |              |
| M11        |              |            | GND                          | GND           |             |         |            |      |                      |                      |     0.0 |            |           |          |      |                  |              |                   |              |
| M12        |              |            | VCCAUX                       | VCCAUX        |             |         |            |      |                      |                      |    1.80 |            |           |          |      |                  |              |                   |              |
| M13        | ATT_MUX[44]  | High Range | IO_L20P_T3_A20_15            | OUTPUT        | LVCMOS33    |      15 |         12 | SLOW |                      |            FP_VTT_50 |         | FIXED      |           |          |      | NONE             |              |                   |              |
| M14        |              | High Range | VCCO_14                      | VCCO          |             |      14 |            |      |                      |                      |    3.30 |            |           |          |      |                  |              |                   |              |
| M15        | ATT_MUX[45]  | High Range | IO_L24P_T3_RS1_15            | OUTPUT        | LVCMOS33    |      15 |         12 | SLOW |                      |            FP_VTT_50 |         | FIXED      |           |          |      | NONE             |              |                   |              |
| M16        | ATT_MUX[46]  | High Range | IO_L24N_T3_RS0_15            | OUTPUT        | LVCMOS33    |      15 |         12 | SLOW |                      |            FP_VTT_50 |         | FIXED      |           |          |      | NONE             |              |                   |              |
| M17        | ATT_MUX[47]  | High Range | IO_25_15                     | OUTPUT        | LVCMOS33    |      15 |         12 | SLOW |                      |            FP_VTT_50 |         | FIXED      |           |          |      | NONE             |              |                   |              |
| M18        | DIP_SW[0]    | High Range | IO_L16P_T2_A28_15            | INPUT         | LVCMOS33    |      15 |            |      |                      |                 NONE |         | FIXED      | PULLUP    |          |      | NONE             |              |                   |              |
| M19        |              |            | GND                          | GND           |             |         |            |      |                      |                      |     0.0 |            |           |          |      |                  |              |                   |              |
| M20        | DIP_SW[1]    | High Range | IO_L18N_T2_A23_15            | INPUT         | LVCMOS33    |      15 |            |      |                      |                 NONE |         | FIXED      | PULLUP    |          |      | NONE             |              |                   |              |
| M21        | DIP_SW[2]    | High Range | IO_L10P_T1_AD11P_15          | INPUT         | LVCMOS33    |      15 |            |      |                      |                 NONE |         | FIXED      | PULLUP    |          |      | NONE             |              |                   |              |
| M22        | DIP_SW[3]    | High Range | IO_L15N_T2_DQS_ADV_B_15      | INPUT         | LVCMOS33    |      15 |            |      |                      |                 NONE |         | FIXED      | PULLUP    |          |      | NONE             |              |                   |              |
| N1         |              | High Range | VCCO_35                      | VCCO          |             |      35 |            |      |                      |                      |    2.50 |            |           |          |      |                  |              |                   |              |
| N2         | ADC_D_P[16]  | High Range | IO_L22N_T3_35                | INPUT         | LVDS_25     |      35 |            |      | 100 Ohm Differential |                 NONE |         | FIXED      |           |          |      | NONE             |              |                   |              |
| N3         |              | High Range | IO_L19N_T3_VREF_35           | User IO       |             |      35 |            |      |                      |                      |         |            |           |          |      |                  |              |                   |              |
| N4         |              | High Range | IO_L19P_T3_35                | User IO       |             |      35 |            |      |                      |                      |         |            |           |          |      |                  |              |                   |              |
| N5         |              | High Range | IO_L24N_T3_35                | User IO       |             |      35 |            |      |                      |                      |         |            |           |          |      |                  |              |                   |              |
| N6         |              |            | GND                          | GND           |             |         |            |      |                      |                      |     0.0 |            |           |          |      |                  |              |                   |              |
| N7         |              |            | VCCINT                       | VCCINT        |             |         |            |      |                      |                      |         |            |           |          |      |                  |              |                   |              |
| N8         |              |            | GND                          | GND           |             |         |            |      |                      |                      |     0.0 |            |           |          |      |                  |              |                   |              |
| N9         |              | Dedicated  | DXN_0                        | Temp Sensor   |             |       0 |            |      |                      |                      |         |            |           |          |      |                  |              |                   |              |
| N10        |              | Dedicated  | DXP_0                        | Temp Sensor   |             |       0 |            |      |                      |                      |         |            |           |          |      |                  |              |                   |              |
| N11        |              |            | VCCBRAM                      | VCCBRAM       |             |         |            |      |                      |                      |         |            |           |          |      |                  |              |                   |              |
| N12        |              | Dedicated  | PROGRAM_B_0                  | Config        |             |       0 |            |      |                      |                      |         |            |           |          |      |                  |              |                   |              |
| N13        |              | High Range | IO_L23P_T3_A03_D19_14        | User IO       |             |      14 |            |      |                      |                      |         |            |           |          |      |                  |              |                   |              |
| N14        |              | High Range | IO_L23N_T3_A02_D18_14        | User IO       |             |      14 |            |      |                      |                      |         |            |           |          |      |                  |              |                   |              |
| N15        |              | High Range | IO_25_14                     | User IO       |             |      14 |            |      |                      |                      |         |            |           |          |      |                  |              |                   |              |
| N16        |              |            | GND                          | GND           |             |         |            |      |                      |                      |     0.0 |            |           |          |      |                  |              |                   |              |
| N17        |              | High Range | IO_L21P_T3_DQS_14            | User IO       |             |      14 |            |      |                      |                      |         |            |           |          |      |                  |              |                   |              |
| N18        | X_LED[0]     | High Range | IO_L17P_T2_A26_15            | OUTPUT        | LVCMOS33    |      15 |         12 | SLOW |                      |                 NONE |         | FIXED      |           |          |      | NONE             |              |                   |              |
| N19        | X_LED[1]     | High Range | IO_L17N_T2_A25_15            | OUTPUT        | LVCMOS33    |      15 |         12 | SLOW |                      |                 NONE |         | FIXED      |           |          |      | NONE             |              |                   |              |
| N20        | X_LED[2]     | High Range | IO_L18P_T2_A24_15            | OUTPUT        | LVCMOS33    |      15 |         12 | SLOW |                      |                 NONE |         | FIXED      |           |          |      | NONE             |              |                   |              |
| N21        |              | High Range | VCCO_15                      | VCCO          |             |      15 |            |      |                      |                      |    3.30 |            |           |          |      |                  |              |                   |              |
| N22        | X_LED[3]     | High Range | IO_L15P_T2_DQS_15            | OUTPUT        | LVCMOS33    |      15 |         12 | SLOW |                      |                 NONE |         | FIXED      |           |          |      | NONE             |              |                   |              |
| P1         |              | High Range | IO_L20N_T3_35                | User IO       |             |      35 |            |      |                      |                      |         |            |           |          |      |                  |              |                   |              |
| P2         | ADC_D_N[16]  | High Range | IO_L22P_T3_35                | INPUT         | LVDS_25     |      35 |            |      | 100 Ohm Differential |                 NONE |         | FIXED      |           |          |      | NONE             |              |                   |              |
| P3         |              |            | GND                          | GND           |             |         |            |      |                      |                      |     0.0 |            |           |          |      |                  |              |                   |              |
| P4         | ADC_CLK_N[3] | High Range | IO_L21N_T3_DQS_35            | OUTPUT        | LVDS_25     |      35 |            |      |                      |                 NONE |         | FIXED      |           |          |      | NONE             |              |                   |              |
| P5         | ADC_CLK_P[3] | High Range | IO_L21P_T3_DQS_35            | OUTPUT        | LVDS_25     |      35 |            |      |                      |                 NONE |         | FIXED      |           |          |      | NONE             |              |                   |              |
| P6         |              | High Range | IO_L24P_T3_35                | User IO       |             |      35 |            |      |                      |                      |         |            |           |          |      |                  |              |                   |              |
| P7         |              |            | GND                          | GND           |             |         |            |      |                      |                      |     0.0 |            |           |          |      |                  |              |                   |              |
| P8         |              |            | VCCINT                       | VCCINT        |             |         |            |      |                      |                      |         |            |           |          |      |                  |              |                   |              |
| P9         |              |            | GND                          | GND           |             |         |            |      |                      |                      |     0.0 |            |           |          |      |                  |              |                   |              |
| P10        |              |            | VCCINT                       | VCCINT        |             |         |            |      |                      |                      |         |            |           |          |      |                  |              |                   |              |
| P11        |              |            | GND                          | GND           |             |         |            |      |                      |                      |     0.0 |            |           |          |      |                  |              |                   |              |
| P12        |              |            | VCCAUX                       | VCCAUX        |             |         |            |      |                      |                      |    1.80 |            |           |          |      |                  |              |                   |              |
| P13        |              |            | GND                          | GND           |             |         |            |      |                      |                      |     0.0 |            |           |          |      |                  |              |                   |              |
| P14        |              | High Range | IO_L19P_T3_A10_D26_14        | User IO       |             |      14 |            |      |                      |                      |         |            |           |          |      |                  |              |                   |              |
| P15        |              | High Range | IO_L22P_T3_A05_D21_14        | User IO       |             |      14 |            |      |                      |                      |         |            |           |          |      |                  |              |                   |              |
| P16        |              | High Range | IO_L24P_T3_A01_D17_14        | User IO       |             |      14 |            |      |                      |                      |         |            |           |          |      |                  |              |                   |              |
| P17        |              | High Range | IO_L21N_T3_DQS_A06_D22_14    | User IO       |             |      14 |            |      |                      |                      |         |            |           |          |      |                  |              |                   |              |
| P18        |              | High Range | VCCO_14                      | VCCO          |             |      14 |            |      |                      |                      |    3.30 |            |           |          |      |                  |              |                   |              |
| P19        | ATT_MUX[17]  | High Range | IO_L5P_T0_D06_14             | OUTPUT        | LVCMOS33    |      14 |         12 | SLOW |                      |            FP_VTT_50 |         | FIXED      |           |          |      | NONE             |              |                   |              |
| P20        | ATT_MUX[16]  | High Range | IO_0_14                      | OUTPUT        | LVCMOS33    |      14 |         12 | SLOW |                      |            FP_VTT_50 |         | FIXED      |           |          |      | NONE             |              |                   |              |
| P21        |              | High Range | IO_L2P_T0_D02_14             | User IO       |             |      14 |            |      |                      |                      |         |            |           |          |      |                  |              |                   |              |
| P22        |              | High Range | IO_L1P_T0_D00_MOSI_14        | User IO       |             |      14 |            |      |                      |                      |         |            |           |          |      |                  |              |                   |              |
| R1         |              | High Range | IO_L20P_T3_35                | User IO       |             |      35 |            |      |                      |                      |         |            |           |          |      |                  |              |                   |              |
| R2         | ADC_CSB[2]   | High Range | IO_L3N_T0_DQS_34             | TRISTATE      | LVCMOS25    |      34 |         12 | SLOW |                      |                 NONE |         | FIXED      |           |          |      | NONE             |              |                   |              |
| R3         | ADC_SDIO[2]  | High Range | IO_L3P_T0_DQS_34             | BIDIR         | LVCMOS25    |      34 |         12 | SLOW |                      |                 NONE |         | FIXED      | PULLUP    |          |      | NONE             |              |                   |              |
| R4         | ADC_FCO_P[2] | High Range | IO_L13P_T2_MRCC_34           | INPUT         | LVDS_25     |      34 |            |      | 100 Ohm Differential |                 NONE |         | FIXED      |           |          |      | NONE             |              |                   |              |
| R5         |              | High Range | VCCO_34                      | VCCO          |             |      34 |            |      |                      |                      |    2.50 |            |           |          |      |                  |              |                   |              |
| R6         |              | High Range | IO_L17P_T2_34                | User IO       |             |      34 |            |      |                      |                      |         |            |           |          |      |                  |              |                   |              |
| R7         |              |            | VCCINT                       | VCCINT        |             |         |            |      |                      |                      |         |            |           |          |      |                  |              |                   |              |
| R8         |              |            | GND                          | GND           |             |         |            |      |                      |                      |     0.0 |            |           |          |      |                  |              |                   |              |
| R9         |              |            | VCCINT                       | VCCINT        |             |         |            |      |                      |                      |         |            |           |          |      |                  |              |                   |              |
| R10        |              |            | GND                          | GND           |             |         |            |      |                      |                      |     0.0 |            |           |          |      |                  |              |                   |              |
| R11        |              |            | VCCAUX                       | VCCAUX        |             |         |            |      |                      |                      |    1.80 |            |           |          |      |                  |              |                   |              |
| R12        |              |            | GND                          | GND           |             |         |            |      |                      |                      |     0.0 |            |           |          |      |                  |              |                   |              |
| R13        |              | Dedicated  | TDI_0                        | Config        |             |       0 |            |      |                      |                      |         |            |           |          |      |                  |              |                   |              |
| R14        |              | High Range | IO_L19N_T3_A09_D25_VREF_14   | User IO       |             |      14 |            |      |                      |                      |         |            |           |          |      |                  |              |                   |              |
| R15        |              | High Range | VCCO_14                      | VCCO          |             |      14 |            |      |                      |                      |    3.30 |            |           |          |      |                  |              |                   |              |
| R16        |              | High Range | IO_L22N_T3_A04_D20_14        | User IO       |             |      14 |            |      |                      |                      |         |            |           |          |      |                  |              |                   |              |
| R17        | ATT_MUX[22]  | High Range | IO_L24N_T3_A00_D16_14        | OUTPUT        | LVCMOS33    |      14 |         12 | SLOW |                      |            FP_VTT_50 |         | FIXED      |           |          |      | NONE             |              |                   |              |
| R18        | ATT_MUX[23]  | High Range | IO_L20P_T3_A08_D24_14        | OUTPUT        | LVCMOS33    |      14 |         12 | SLOW |                      |            FP_VTT_50 |         | FIXED      |           |          |      | NONE             |              |                   |              |
| R19        | ATT_MUX[18]  | High Range | IO_L5N_T0_D07_14             | OUTPUT        | LVCMOS33    |      14 |         12 | SLOW |                      |            FP_VTT_50 |         | FIXED      |           |          |      | NONE             |              |                   |              |
| R20        |              |            | GND                          | GND           |             |         |            |      |                      |                      |     0.0 |            |           |          |      |                  |              |                   |              |
| R21        |              | High Range | IO_L2N_T0_D03_14             | User IO       |             |      14 |            |      |                      |                      |         |            |           |          |      |                  |              |                   |              |
| R22        |              | High Range | IO_L1N_T0_D01_DIN_14         | User IO       |             |      14 |            |      |                      |                      |         |            |           |          |      |                  |              |                   |              |
| T1         | ADC_D_P[15]  | High Range | IO_L1P_T0_34                 | INPUT         | LVDS_25     |      34 |            |      | 100 Ohm Differential |                 NONE |         | FIXED      |           |          |      | NONE             |              |                   |              |
| T2         |              | High Range | VCCO_34                      | VCCO          |             |      34 |            |      |                      |                      |    2.50 |            |           |          |      |                  |              |                   |              |
| T3         |              | High Range | IO_0_34                      | User IO       |             |      34 |            |      |                      |                      |         |            |           |          |      |                  |              |                   |              |
| T4         | ADC_FCO_N[2] | High Range | IO_L13N_T2_MRCC_34           | INPUT         | LVDS_25     |      34 |            |      | 100 Ohm Differential |                 NONE |         | FIXED      |           |          |      | NONE             |              |                   |              |
| T5         |              | High Range | IO_L14P_T2_SRCC_34           | User IO       |             |      34 |            |      |                      |                      |         |            |           |          |      |                  |              |                   |              |
| T6         |              | High Range | IO_L17N_T2_34                | User IO       |             |      34 |            |      |                      |                      |         |            |           |          |      |                  |              |                   |              |
| T7         |              |            | GND                          | GND           |             |         |            |      |                      |                      |     0.0 |            |           |          |      |                  |              |                   |              |
| T8         |              |            | VCCINT                       | VCCINT        |             |         |            |      |                      |                      |         |            |           |          |      |                  |              |                   |              |
| T9         |              |            | GND                          | GND           |             |         |            |      |                      |                      |     0.0 |            |           |          |      |                  |              |                   |              |
| T10        |              |            | VCCINT                       | VCCINT        |             |         |            |      |                      |                      |         |            |           |          |      |                  |              |                   |              |
| T11        |              |            | GND                          | GND           |             |         |            |      |                      |                      |     0.0 |            |           |          |      |                  |              |                   |              |
| T12        |              | Dedicated  | VCCO_0                       | VCCO          |             |       0 |            |      |                      |                      |   any** |            |           |          |      |                  |              |                   |              |
| T13        |              | Dedicated  | TMS_0                        | Config        |             |       0 |            |      |                      |                      |         |            |           |          |      |                  |              |                   |              |
| T14        |              | High Range | IO_L15P_T2_DQS_13            | User IO       |             |      13 |            |      |                      |                      |         |            |           |          |      |                  |              |                   |              |
| T15        |              | High Range | IO_L15N_T2_DQS_13            | User IO       |             |      13 |            |      |                      |                      |         |            |           |          |      |                  |              |                   |              |
| T16        | ADC_CLK_P[1] | High Range | IO_L17P_T2_13                | OUTPUT        | LVDS_25     |      13 |            |      |                      |                 NONE |         | FIXED      |           |          |      | NONE             |              |                   |              |
| T17        |              |            | GND                          | GND           |             |         |            |      |                      |                      |     0.0 |            |           |          |      |                  |              |                   |              |
| T18        | ATT_MUX[24]  | High Range | IO_L20N_T3_A07_D23_14        | OUTPUT        | LVCMOS33    |      14 |         12 | SLOW |                      |            FP_VTT_50 |         | FIXED      |           |          |      | NONE             |              |                   |              |
| T19        |              | High Range | IO_L6P_T0_FCS_B_14           | User IO       |             |      14 |            |      |                      |                      |         |            |           |          |      |                  |              |                   |              |
| T20        | ATT_MUX[1]   | High Range | IO_L6N_T0_D08_VREF_14        | OUTPUT        | LVCMOS33    |      14 |         12 | SLOW |                      |            FP_VTT_50 |         | FIXED      |           |          |      | NONE             |              |                   |              |
| T21        | ATT_MUX[0]   | High Range | IO_L4P_T0_D04_14             | OUTPUT        | LVCMOS33    |      14 |         12 | SLOW |                      |            FP_VTT_50 |         | FIXED      |           |          |      | NONE             |              |                   |              |
| T22        |              | High Range | VCCO_14                      | VCCO          |             |      14 |            |      |                      |                      |    3.30 |            |           |          |      |                  |              |                   |              |
| U1         | ADC_D_N[15]  | High Range | IO_L1N_T0_34                 | INPUT         | LVDS_25     |      34 |            |      | 100 Ohm Differential |                 NONE |         | FIXED      |           |          |      | NONE             |              |                   |              |
| U2         | ADC_D_P[14]  | High Range | IO_L2P_T0_34                 | INPUT         | LVDS_25     |      34 |            |      | 100 Ohm Differential |                 NONE |         | FIXED      |           |          |      | NONE             |              |                   |              |
| U3         |              | High Range | IO_L6P_T0_34                 | User IO       |             |      34 |            |      |                      |                      |         |            |           |          |      |                  |              |                   |              |
| U4         |              |            | GND                          | GND           |             |         |            |      |                      |                      |     0.0 |            |           |          |      |                  |              |                   |              |
| U5         |              | High Range | IO_L14N_T2_SRCC_34           | User IO       |             |      34 |            |      |                      |                      |         |            |           |          |      |                  |              |                   |              |
| U6         |              | High Range | IO_L16P_T2_34                | User IO       |             |      34 |            |      |                      |                      |         |            |           |          |      |                  |              |                   |              |
| U7         |              | High Range | IO_25_34                     | User IO       |             |      34 |            |      |                      |                      |         |            |           |          |      |                  |              |                   |              |
| U8         |              | Dedicated  | CFGBVS_0                     | Config        |             |       0 |            |      |                      |                      |         |            |           |          |      |                  |              |                   |              |
| U9         |              | Dedicated  | M2_0                         | Config        |             |       0 |            |      |                      |                      |         |            |           |          |      |                  |              |                   |              |
| U10        |              | Dedicated  | M1_0                         | Config        |             |       0 |            |      |                      |                      |         |            |           |          |      |                  |              |                   |              |
| U11        |              | Dedicated  | M0_0                         | Config        |             |       0 |            |      |                      |                      |         |            |           |          |      |                  |              |                   |              |
| U12        |              | Dedicated  | INIT_B_0                     | Config        |             |       0 |            |      |                      |                      |         |            |           |          |      |                  |              |                   |              |
| U13        |              | Dedicated  | TDO_0                        | Config        |             |       0 |            |      |                      |                      |         |            |           |          |      |                  |              |                   |              |
| U14        |              |            | GND                          | GND           |             |         |            |      |                      |                      |     0.0 |            |           |          |      |                  |              |                   |              |
| U15        |              | High Range | IO_L14P_T2_SRCC_13           | User IO       |             |      13 |            |      |                      |                      |         |            |           |          |      |                  |              |                   |              |
| U16        | ADC_CLK_N[1] | High Range | IO_L17N_T2_13                | OUTPUT        | LVDS_25     |      13 |            |      |                      |                 NONE |         | FIXED      |           |          |      | NONE             |              |                   |              |
| U17        | ATT_MUX[30]  | High Range | IO_L18P_T2_A12_D28_14        | OUTPUT        | LVCMOS33    |      14 |         12 | SLOW |                      |            FP_VTT_50 |         | FIXED      |           |          |      | NONE             |              |                   |              |
| U18        | ATT_MUX[29]  | High Range | IO_L18N_T2_A11_D27_14        | OUTPUT        | LVCMOS33    |      14 |         12 | SLOW |                      |            FP_VTT_50 |         | FIXED      |           |          |      | NONE             |              |                   |              |
| U19        |              | High Range | VCCO_14                      | VCCO          |             |      14 |            |      |                      |                      |    3.30 |            |           |          |      |                  |              |                   |              |
| U20        | ATT_MUX[3]   | High Range | IO_L11P_T1_SRCC_14           | OUTPUT        | LVCMOS33    |      14 |         12 | SLOW |                      |            FP_VTT_50 |         | FIXED      |           |          |      | NONE             |              |                   |              |
| U21        | ATT_MUX[2]   | High Range | IO_L4N_T0_D05_14             | OUTPUT        | LVCMOS33    |      14 |         12 | SLOW |                      |            FP_VTT_50 |         | FIXED      |           |          |      | NONE             |              |                   |              |
| U22        |              | High Range | IO_L3P_T0_DQS_PUDC_B_14      | User IO       |             |      14 |            |      |                      |                      |         |            |           |          |      |                  |              |                   |              |
| V1         |              |            | GND                          | GND           |             |         |            |      |                      |                      |     0.0 |            |           |          |      |                  |              |                   |              |
| V2         | ADC_D_N[14]  | High Range | IO_L2N_T0_34                 | INPUT         | LVDS_25     |      34 |            |      | 100 Ohm Differential |                 NONE |         | FIXED      |           |          |      | NONE             |              |                   |              |
| V3         |              | High Range | IO_L6N_T0_VREF_34            | User IO       |             |      34 |            |      |                      |                      |         |            |           |          |      |                  |              |                   |              |
| V4         | ADC_DCO_P[2] | High Range | IO_L12P_T1_MRCC_34           | INPUT         | LVDS_25     |      34 |            |      | 100 Ohm Differential |                 NONE |         | FIXED      |           |          |      | NONE             |              |                   |              |
| V5         |              | High Range | IO_L16N_T2_34                | User IO       |             |      34 |            |      |                      |                      |         |            |           |          |      |                  |              |                   |              |
| V6         |              | High Range | VCCO_34                      | VCCO          |             |      34 |            |      |                      |                      |    2.50 |            |           |          |      |                  |              |                   |              |
| V7         |              | High Range | IO_L19P_T3_34                | User IO       |             |      34 |            |      |                      |                      |         |            |           |          |      |                  |              |                   |              |
| V8         |              | High Range | IO_L21N_T3_DQS_34            | User IO       |             |      34 |            |      |                      |                      |         |            |           |          |      |                  |              |                   |              |
| V9         |              | High Range | IO_L21P_T3_DQS_34            | User IO       |             |      34 |            |      |                      |                      |         |            |           |          |      |                  |              |                   |              |
| V10        |              | High Range | IO_L10P_T1_13                | User IO       |             |      13 |            |      |                      |                      |         |            |           |          |      |                  |              |                   |              |
| V11        |              |            | GND                          | GND           |             |         |            |      |                      |                      |     0.0 |            |           |          |      |                  |              |                   |              |
| V12        |              | Dedicated  | TCK_0                        | Config        |             |       0 |            |      |                      |                      |         |            |           |          |      |                  |              |                   |              |
| V13        | ADC_DCO_P[1] | High Range | IO_L13P_T2_MRCC_13           | INPUT         | LVDS_25     |      13 |            |      | 100 Ohm Differential |                 NONE |         | FIXED      |           |          |      | NONE             |              |                   |              |
| V14        | ADC_DCO_N[1] | High Range | IO_L13N_T2_MRCC_13           | INPUT         | LVDS_25     |      13 |            |      | 100 Ohm Differential |                 NONE |         | FIXED      |           |          |      | NONE             |              |                   |              |
| V15        |              | High Range | IO_L14N_T2_SRCC_13           | User IO       |             |      13 |            |      |                      |                      |         |            |           |          |      |                  |              |                   |              |
| V16        |              | High Range | VCCO_13                      | VCCO          |             |      13 |            |      |                      |                      |    2.50 |            |           |          |      |                  |              |                   |              |
| V17        | ATT_MUX[31]  | High Range | IO_L16P_T2_CSI_B_14          | OUTPUT        | LVCMOS33    |      14 |         12 | SLOW |                      |            FP_VTT_50 |         | FIXED      |           |          |      | NONE             |              |                   |              |
| V18        | ATT_MUX[28]  | High Range | IO_L14P_T2_SRCC_14           | OUTPUT        | LVCMOS33    |      14 |         12 | SLOW |                      |            FP_VTT_50 |         | FIXED      |           |          |      | NONE             |              |                   |              |
| V19        | ATT_MUX[19]  | High Range | IO_L14N_T2_SRCC_14           | OUTPUT        | LVCMOS33    |      14 |         12 | SLOW |                      |            FP_VTT_50 |         | FIXED      |           |          |      | NONE             |              |                   |              |
| V20        |              | High Range | IO_L11N_T1_SRCC_14           | User IO       |             |      14 |            |      |                      |                      |         |            |           |          |      |                  |              |                   |              |
| V21        |              |            | GND                          | GND           |             |         |            |      |                      |                      |     0.0 |            |           |          |      |                  |              |                   |              |
| V22        | ATT_MUX[4]   | High Range | IO_L3N_T0_DQS_EMCCLK_14      | OUTPUT        | LVCMOS33    |      14 |         12 | SLOW |                      |            FP_VTT_50 |         | FIXED      |           |          |      | NONE             |              |                   |              |
| W1         | ADC_D_P[13]  | High Range | IO_L5P_T0_34                 | INPUT         | LVDS_25     |      34 |            |      | 100 Ohm Differential |                 NONE |         | FIXED      |           |          |      | NONE             |              |                   |              |
| W2         |              | High Range | IO_L4P_T0_34                 | User IO       |             |      34 |            |      |                      |                      |         |            |           |          |      |                  |              |                   |              |
| W3         |              | High Range | VCCO_34                      | VCCO          |             |      34 |            |      |                      |                      |    2.50 |            |           |          |      |                  |              |                   |              |
| W4         | ADC_DCO_N[2] | High Range | IO_L12N_T1_MRCC_34           | INPUT         | LVDS_25     |      34 |            |      | 100 Ohm Differential |                 NONE |         | FIXED      |           |          |      | NONE             |              |                   |              |
| W5         |              | High Range | IO_L15N_T2_DQS_34            | User IO       |             |      34 |            |      |                      |                      |         |            |           |          |      |                  |              |                   |              |
| W6         |              | High Range | IO_L15P_T2_DQS_34            | User IO       |             |      34 |            |      |                      |                      |         |            |           |          |      |                  |              |                   |              |
| W7         |              | High Range | IO_L19N_T3_VREF_34           | User IO       |             |      34 |            |      |                      |                      |         |            |           |          |      |                  |              |                   |              |
| W8         |              |            | GND                          | GND           |             |         |            |      |                      |                      |     0.0 |            |           |          |      |                  |              |                   |              |
| W9         | ADC_CLK_P[2] | High Range | IO_L24P_T3_34                | OUTPUT        | LVDS_25     |      34 |            |      |                      |                 NONE |         | FIXED      |           |          |      | NONE             |              |                   |              |
| W10        | ADC_CSB[1]   | High Range | IO_L10N_T1_13                | TRISTATE      | LVCMOS25    |      13 |         12 | SLOW |                      |                 NONE |         | FIXED      |           |          |      | NONE             |              |                   |              |
| W11        | ADC_FCO_P[1] | High Range | IO_L12P_T1_MRCC_13           | INPUT         | LVDS_25     |      13 |            |      | 100 Ohm Differential |                 NONE |         | FIXED      |           |          |      | NONE             |              |                   |              |
| W12        | ADC_FCO_N[1] | High Range | IO_L12N_T1_MRCC_13           | INPUT         | LVDS_25     |      13 |            |      | 100 Ohm Differential |                 NONE |         | FIXED      |           |          |      | NONE             |              |                   |              |
| W13        |              | High Range | VCCO_13                      | VCCO          |             |      13 |            |      |                      |                      |    2.50 |            |           |          |      |                  |              |                   |              |
| W14        |              | High Range | IO_L6P_T0_13                 | User IO       |             |      13 |            |      |                      |                      |         |            |           |          |      |                  |              |                   |              |
| W15        | ADC_D_P[1]   | High Range | IO_L16P_T2_13                | INPUT         | LVDS_25     |      13 |            |      | 100 Ohm Differential |                 NONE |         | FIXED      |           |          |      | NONE             |              |                   |              |
| W16        | ADC_D_N[1]   | High Range | IO_L16N_T2_13                | INPUT         | LVDS_25     |      13 |            |      | 100 Ohm Differential |                 NONE |         | FIXED      |           |          |      | NONE             |              |                   |              |
| W17        |              | High Range | IO_L16N_T2_A15_D31_14        | User IO       |             |      14 |            |      |                      |                      |         |            |           |          |      |                  |              |                   |              |
| W18        |              |            | GND                          | GND           |             |         |            |      |                      |                      |     0.0 |            |           |          |      |                  |              |                   |              |
| W19        | ATT_MUX[8]   | High Range | IO_L12P_T1_MRCC_14           | OUTPUT        | LVCMOS33    |      14 |         12 | SLOW |                      |            FP_VTT_50 |         | FIXED      |           |          |      | NONE             |              |                   |              |
| W20        | ATT_MUX[7]   | High Range | IO_L12N_T1_MRCC_14           | OUTPUT        | LVCMOS33    |      14 |         12 | SLOW |                      |            FP_VTT_50 |         | FIXED      |           |          |      | NONE             |              |                   |              |
| W21        | ATT_MUX[5]   | High Range | IO_L7P_T1_D09_14             | OUTPUT        | LVCMOS33    |      14 |         12 | SLOW |                      |            FP_VTT_50 |         | FIXED      |           |          |      | NONE             |              |                   |              |
| W22        | ATT_MUX[6]   | High Range | IO_L7N_T1_D10_14             | OUTPUT        | LVCMOS33    |      14 |         12 | SLOW |                      |            FP_VTT_50 |         | FIXED      |           |          |      | NONE             |              |                   |              |
| Y1         | ADC_D_N[13]  | High Range | IO_L5N_T0_34                 | INPUT         | LVDS_25     |      34 |            |      | 100 Ohm Differential |                 NONE |         | FIXED      |           |          |      | NONE             |              |                   |              |
| Y2         | ADC_SCLK[2]  | High Range | IO_L4N_T0_34                 | OUTPUT        | LVCMOS25    |      34 |         12 | SLOW |                      |                 NONE |         | FIXED      |           |          |      | NONE             |              |                   |              |
| Y3         |              | High Range | IO_L9P_T1_DQS_34             | User IO       |             |      34 |            |      |                      |                      |         |            |           |          |      |                  |              |                   |              |
| Y4         | ADC_D_N[11]  | High Range | IO_L11P_T1_SRCC_34           | INPUT         | LVDS_25     |      34 |            |      | 100 Ohm Differential |                 NONE |         | FIXED      |           |          |      | NONE             |              |                   |              |
| Y5         |              |            | GND                          | GND           |             |         |            |      |                      |                      |     0.0 |            |           |          |      |                  |              |                   |              |
| Y6         | ADC_D_P[10]  | High Range | IO_L18P_T2_34                | INPUT         | LVDS_25     |      34 |            |      | 100 Ohm Differential |                 NONE |         | FIXED      |           |          |      | NONE             |              |                   |              |
| Y7         |              | High Range | IO_L23N_T3_34                | User IO       |             |      34 |            |      |                      |                      |         |            |           |          |      |                  |              |                   |              |
| Y8         |              | High Range | IO_L23P_T3_34                | User IO       |             |      34 |            |      |                      |                      |         |            |           |          |      |                  |              |                   |              |
| Y9         | ADC_CLK_N[2] | High Range | IO_L24N_T3_34                | OUTPUT        | LVDS_25     |      34 |            |      |                      |                 NONE |         | FIXED      |           |          |      | NONE             |              |                   |              |
| Y10        |              | High Range | VCCO_13                      | VCCO          |             |      13 |            |      |                      |                      |    2.50 |            |           |          |      |                  |              |                   |              |
| Y11        | ADC_SDIO[1]  | High Range | IO_L11P_T1_SRCC_13           | BIDIR         | LVCMOS25    |      13 |         12 | SLOW |                      |                 NONE |         | FIXED      | PULLUP    |          |      | NONE             |              |                   |              |
| Y12        | ADC_SCLK[1]  | High Range | IO_L11N_T1_SRCC_13           | OUTPUT        | LVCMOS25    |      13 |         12 | SLOW |                      |                 NONE |         | FIXED      |           |          |      | NONE             |              |                   |              |
| Y13        | ADC_D_P[3]   | High Range | IO_L5P_T0_13                 | INPUT         | LVDS_25     |      13 |            |      | 100 Ohm Differential |                 NONE |         | FIXED      |           |          |      | NONE             |              |                   |              |
| Y14        |              | High Range | IO_L6N_T0_VREF_13            | User IO       |             |      13 |            |      |                      |                      |         |            |           |          |      |                  |              |                   |              |
| Y15        |              |            | GND                          | GND           |             |         |            |      |                      |                      |     0.0 |            |           |          |      |                  |              |                   |              |
| Y16        | ADC_D_P[0]   | High Range | IO_L1P_T0_13                 | INPUT         | LVDS_25     |      13 |            |      | 100 Ohm Differential |                 NONE |         | FIXED      |           |          |      | NONE             |              |                   |              |
| Y17        |              | High Range | IO_0_13                      | User IO       |             |      13 |            |      |                      |                      |         |            |           |          |      |                  |              |                   |              |
| Y18        | ATT_MUX[25]  | High Range | IO_L13P_T2_MRCC_14           | OUTPUT        | LVCMOS33    |      14 |         12 | SLOW |                      |            FP_VTT_50 |         | FIXED      |           |          |      | NONE             |              |                   |              |
| Y19        | ATT_MUX[20]  | High Range | IO_L13N_T2_MRCC_14           | OUTPUT        | LVCMOS33    |      14 |         12 | SLOW |                      |            FP_VTT_50 |         | FIXED      |           |          |      | NONE             |              |                   |              |
| Y20        |              | High Range | VCCO_14                      | VCCO          |             |      14 |            |      |                      |                      |    3.30 |            |           |          |      |                  |              |                   |              |
| Y21        | ATT_MUX[10]  | High Range | IO_L9P_T1_DQS_14             | OUTPUT        | LVCMOS33    |      14 |         12 | SLOW |                      |            FP_VTT_50 |         | FIXED      |           |          |      | NONE             |              |                   |              |
| Y22        | ATT_MUX[9]   | High Range | IO_L9N_T1_DQS_D13_14         | OUTPUT        | LVCMOS33    |      14 |         12 | SLOW |                      |            FP_VTT_50 |         | FIXED      |           |          |      | NONE             |              |                   |              |
+------------+--------------+------------+------------------------------+---------------+-------------+---------+------------+------+----------------------+----------------------+---------+------------+-----------+----------+------+------------------+--------------+-------------------+--------------+
* Default value
** Special VCCO requirements may apply. Please consult the device family datasheet for specific guideline on VCCO requirements.


