Copyright 1986-2022 Xilinx, Inc. All Rights Reserved. Copyright 2022-2024 Advanced Micro Devices, Inc. All Rights Reserved.
------------------------------------------------------------------------------------------------------------------------------------------------------------------------
| Tool Version : Vivado v.2024.2 (win64) Build 5239630 Fri Nov 08 22:35:27 MST 2024
| Date         : Fri Dec 12 16:25:52 2025
| Host         : nudaq-win02 running 64-bit major release  (build 9200)
| Command      : report_bus_skew -warn_on_violation -file ADC_SiTCP_V20_bus_skew_routed.rpt -pb ADC_SiTCP_V20_bus_skew_routed.pb -rpx ADC_SiTCP_V20_bus_skew_routed.rpx
| Design       : ADC_SiTCP_V20
| Device       : 7a100t-fgg484
| Speed File   : -1  PRODUCTION 1.23 2018-06-13
| Design State : Routed
------------------------------------------------------------------------------------------------------------------------------------------------------------------------

Bus Skew Report

Table of Contents
-----------------
1. Bus Skew Report Summary
2. Bus Skew Report Per Constraint

1. Bus Skew Report Summary
--------------------------

Id  Position  From                            To                              Corner  Requirement(ns)  Actual(ns)  Slack(ns)
--  --------  ------------------------------  ------------------------------  ------  ---------------  ----------  ---------
1   56        [get_cells [list {ADC1_IF/eras_fifo/U0/inst_fifo_gen/gconvfifo.rf/grf.rf/gntv_or_sync_fifo.gcx.clkx/rd_pntr_cdc_inst/src_gray_ff_reg[0]} {ADC1_IF/eras_fifo/U0/inst_fifo_gen/gconvfifo.rf/grf.rf/gntv_or_sync_fifo.gcx.clkx/rd_pntr_cdc_inst/src_gray_ff_reg[1]} {ADC1_IF/eras_fifo/U0/inst_fifo_gen/gconvfifo.rf/grf.rf/gntv_or_sync_fifo.gcx.clkx/rd_pntr_cdc_inst/src_gray_ff_reg[2]} {ADC1_IF/eras_fifo/U0/inst_fifo_gen/gconvfifo.rf/grf.rf/gntv_or_sync_fifo.gcx.clkx/rd_pntr_cdc_inst/src_gray_ff_reg[3]}]]
                                              [get_cells [list {ADC1_IF/eras_fifo/U0/inst_fifo_gen/gconvfifo.rf/grf.rf/gntv_or_sync_fifo.gcx.clkx/rd_pntr_cdc_inst/dest_graysync_ff_reg[0][0]} {ADC1_IF/eras_fifo/U0/inst_fifo_gen/gconvfifo.rf/grf.rf/gntv_or_sync_fifo.gcx.clkx/rd_pntr_cdc_inst/dest_graysync_ff_reg[0][1]} {ADC1_IF/eras_fifo/U0/inst_fifo_gen/gconvfifo.rf/grf.rf/gntv_or_sync_fifo.gcx.clkx/rd_pntr_cdc_inst/dest_graysync_ff_reg[0][2]} {ADC1_IF/eras_fifo/U0/inst_fifo_gen/gconvfifo.rf/grf.rf/gntv_or_sync_fifo.gcx.clkx/rd_pntr_cdc_inst/dest_graysync_ff_reg[0][3]}]]
                                                                              Slow              6.249       0.758      5.491
2   58        [get_cells [list {ADC2_IF/eras_fifo/U0/inst_fifo_gen/gconvfifo.rf/grf.rf/gntv_or_sync_fifo.gcx.clkx/rd_pntr_cdc_inst/src_gray_ff_reg[0]} {ADC2_IF/eras_fifo/U0/inst_fifo_gen/gconvfifo.rf/grf.rf/gntv_or_sync_fifo.gcx.clkx/rd_pntr_cdc_inst/src_gray_ff_reg[1]} {ADC2_IF/eras_fifo/U0/inst_fifo_gen/gconvfifo.rf/grf.rf/gntv_or_sync_fifo.gcx.clkx/rd_pntr_cdc_inst/src_gray_ff_reg[2]} {ADC2_IF/eras_fifo/U0/inst_fifo_gen/gconvfifo.rf/grf.rf/gntv_or_sync_fifo.gcx.clkx/rd_pntr_cdc_inst/src_gray_ff_reg[3]}]]
                                              [get_cells [list {ADC2_IF/eras_fifo/U0/inst_fifo_gen/gconvfifo.rf/grf.rf/gntv_or_sync_fifo.gcx.clkx/rd_pntr_cdc_inst/dest_graysync_ff_reg[0][0]} {ADC2_IF/eras_fifo/U0/inst_fifo_gen/gconvfifo.rf/grf.rf/gntv_or_sync_fifo.gcx.clkx/rd_pntr_cdc_inst/dest_graysync_ff_reg[0][1]} {ADC2_IF/eras_fifo/U0/inst_fifo_gen/gconvfifo.rf/grf.rf/gntv_or_sync_fifo.gcx.clkx/rd_pntr_cdc_inst/dest_graysync_ff_reg[0][2]} {ADC2_IF/eras_fifo/U0/inst_fifo_gen/gconvfifo.rf/grf.rf/gntv_or_sync_fifo.gcx.clkx/rd_pntr_cdc_inst/dest_graysync_ff_reg[0][3]}]]
                                                                              Slow              6.249       0.865      5.384
3   60        [get_cells [list {ADC3_IF/eras_fifo/U0/inst_fifo_gen/gconvfifo.rf/grf.rf/gntv_or_sync_fifo.gcx.clkx/rd_pntr_cdc_inst/src_gray_ff_reg[0]} {ADC3_IF/eras_fifo/U0/inst_fifo_gen/gconvfifo.rf/grf.rf/gntv_or_sync_fifo.gcx.clkx/rd_pntr_cdc_inst/src_gray_ff_reg[1]} {ADC3_IF/eras_fifo/U0/inst_fifo_gen/gconvfifo.rf/grf.rf/gntv_or_sync_fifo.gcx.clkx/rd_pntr_cdc_inst/src_gray_ff_reg[2]} {ADC3_IF/eras_fifo/U0/inst_fifo_gen/gconvfifo.rf/grf.rf/gntv_or_sync_fifo.gcx.clkx/rd_pntr_cdc_inst/src_gray_ff_reg[3]}]]
                                              [get_cells [list {ADC3_IF/eras_fifo/U0/inst_fifo_gen/gconvfifo.rf/grf.rf/gntv_or_sync_fifo.gcx.clkx/rd_pntr_cdc_inst/dest_graysync_ff_reg[0][0]} {ADC3_IF/eras_fifo/U0/inst_fifo_gen/gconvfifo.rf/grf.rf/gntv_or_sync_fifo.gcx.clkx/rd_pntr_cdc_inst/dest_graysync_ff_reg[0][1]} {ADC3_IF/eras_fifo/U0/inst_fifo_gen/gconvfifo.rf/grf.rf/gntv_or_sync_fifo.gcx.clkx/rd_pntr_cdc_inst/dest_graysync_ff_reg[0][2]} {ADC3_IF/eras_fifo/U0/inst_fifo_gen/gconvfifo.rf/grf.rf/gntv_or_sync_fifo.gcx.clkx/rd_pntr_cdc_inst/dest_graysync_ff_reg[0][3]}]]
                                                                              Slow              6.249       0.746      5.503
4   62        [get_cells [list {ADC1_IF/eras_fifo/U0/inst_fifo_gen/gconvfifo.rf/grf.rf/gntv_or_sync_fifo.gcx.clkx/wr_pntr_cdc_inst/src_gray_ff_reg[0]} {ADC1_IF/eras_fifo/U0/inst_fifo_gen/gconvfifo.rf/grf.rf/gntv_or_sync_fifo.gcx.clkx/wr_pntr_cdc_inst/src_gray_ff_reg[1]} {ADC1_IF/eras_fifo/U0/inst_fifo_gen/gconvfifo.rf/grf.rf/gntv_or_sync_fifo.gcx.clkx/wr_pntr_cdc_inst/src_gray_ff_reg[2]} {ADC1_IF/eras_fifo/U0/inst_fifo_gen/gconvfifo.rf/grf.rf/gntv_or_sync_fifo.gcx.clkx/wr_pntr_cdc_inst/src_gray_ff_reg[3]}]]
                                              [get_cells [list {ADC1_IF/eras_fifo/U0/inst_fifo_gen/gconvfifo.rf/grf.rf/gntv_or_sync_fifo.gcx.clkx/wr_pntr_cdc_inst/dest_graysync_ff_reg[0][0]} {ADC1_IF/eras_fifo/U0/inst_fifo_gen/gconvfifo.rf/grf.rf/gntv_or_sync_fifo.gcx.clkx/wr_pntr_cdc_inst/dest_graysync_ff_reg[0][1]} {ADC1_IF/eras_fifo/U0/inst_fifo_gen/gconvfifo.rf/grf.rf/gntv_or_sync_fifo.gcx.clkx/wr_pntr_cdc_inst/dest_graysync_ff_reg[0][2]} {ADC1_IF/eras_fifo/U0/inst_fifo_gen/gconvfifo.rf/grf.rf/gntv_or_sync_fifo.gcx.clkx/wr_pntr_cdc_inst/dest_graysync_ff_reg[0][3]}]]
                                                                              Slow              6.249       0.567      5.682
5   64        [get_cells [list {ADC2_IF/eras_fifo/U0/inst_fifo_gen/gconvfifo.rf/grf.rf/gntv_or_sync_fifo.gcx.clkx/wr_pntr_cdc_inst/src_gray_ff_reg[0]} {ADC2_IF/eras_fifo/U0/inst_fifo_gen/gconvfifo.rf/grf.rf/gntv_or_sync_fifo.gcx.clkx/wr_pntr_cdc_inst/src_gray_ff_reg[1]} {ADC2_IF/eras_fifo/U0/inst_fifo_gen/gconvfifo.rf/grf.rf/gntv_or_sync_fifo.gcx.clkx/wr_pntr_cdc_inst/src_gray_ff_reg[2]} {ADC2_IF/eras_fifo/U0/inst_fifo_gen/gconvfifo.rf/grf.rf/gntv_or_sync_fifo.gcx.clkx/wr_pntr_cdc_inst/src_gray_ff_reg[3]}]]
                                              [get_cells [list {ADC2_IF/eras_fifo/U0/inst_fifo_gen/gconvfifo.rf/grf.rf/gntv_or_sync_fifo.gcx.clkx/wr_pntr_cdc_inst/dest_graysync_ff_reg[0][0]} {ADC2_IF/eras_fifo/U0/inst_fifo_gen/gconvfifo.rf/grf.rf/gntv_or_sync_fifo.gcx.clkx/wr_pntr_cdc_inst/dest_graysync_ff_reg[0][1]} {ADC2_IF/eras_fifo/U0/inst_fifo_gen/gconvfifo.rf/grf.rf/gntv_or_sync_fifo.gcx.clkx/wr_pntr_cdc_inst/dest_graysync_ff_reg[0][2]} {ADC2_IF/eras_fifo/U0/inst_fifo_gen/gconvfifo.rf/grf.rf/gntv_or_sync_fifo.gcx.clkx/wr_pntr_cdc_inst/dest_graysync_ff_reg[0][3]}]]
                                                                              Slow              6.249       0.836      5.413
6   66        [get_cells [list {ADC3_IF/eras_fifo/U0/inst_fifo_gen/gconvfifo.rf/grf.rf/gntv_or_sync_fifo.gcx.clkx/wr_pntr_cdc_inst/src_gray_ff_reg[0]} {ADC3_IF/eras_fifo/U0/inst_fifo_gen/gconvfifo.rf/grf.rf/gntv_or_sync_fifo.gcx.clkx/wr_pntr_cdc_inst/src_gray_ff_reg[1]} {ADC3_IF/eras_fifo/U0/inst_fifo_gen/gconvfifo.rf/grf.rf/gntv_or_sync_fifo.gcx.clkx/wr_pntr_cdc_inst/src_gray_ff_reg[2]} {ADC3_IF/eras_fifo/U0/inst_fifo_gen/gconvfifo.rf/grf.rf/gntv_or_sync_fifo.gcx.clkx/wr_pntr_cdc_inst/src_gray_ff_reg[3]}]]
                                              [get_cells [list {ADC3_IF/eras_fifo/U0/inst_fifo_gen/gconvfifo.rf/grf.rf/gntv_or_sync_fifo.gcx.clkx/wr_pntr_cdc_inst/dest_graysync_ff_reg[0][0]} {ADC3_IF/eras_fifo/U0/inst_fifo_gen/gconvfifo.rf/grf.rf/gntv_or_sync_fifo.gcx.clkx/wr_pntr_cdc_inst/dest_graysync_ff_reg[0][1]} {ADC3_IF/eras_fifo/U0/inst_fifo_gen/gconvfifo.rf/grf.rf/gntv_or_sync_fifo.gcx.clkx/wr_pntr_cdc_inst/dest_graysync_ff_reg[0][2]} {ADC3_IF/eras_fifo/U0/inst_fifo_gen/gconvfifo.rf/grf.rf/gntv_or_sync_fifo.gcx.clkx/wr_pntr_cdc_inst/dest_graysync_ff_reg[0][3]}]]
                                                                              Slow              6.249       1.157      5.092
7   131       [get_cells [list {dbg_hub/inst/BSCANID.u_xsdbm_id/CORE_XSDB.UUT_MASTER/U_ICON_INTERFACE/U_CMD6_RD/U_RD_FIFO/SUBCORE_FIFO.xsdbm_v3_0_3_rdfifo_inst/inst_fifo_gen/gconvfifo.rf/grf.rf/gntv_or_sync_fifo.gcx.clkx/gnxpm_cdc.rd_pntr_gc_reg[0]} {dbg_hub/inst/BSCANID.u_xsdbm_id/CORE_XSDB.UUT_MASTER/U_ICON_INTERFACE/U_CMD6_RD/U_RD_FIFO/SUBCORE_FIFO.xsdbm_v3_0_3_rdfifo_inst/inst_fifo_gen/gconvfifo.rf/grf.rf/gntv_or_sync_fifo.gcx.clkx/gnxpm_cdc.rd_pntr_gc_reg[1]} {dbg_hub/inst/BSCANID.u_xsdbm_id/CORE_XSDB.UUT_MASTER/U_ICON_INTERFACE/U_CMD6_RD/U_RD_FIFO/SUBCORE_FIFO.xsdbm_v3_0_3_rdfifo_inst/inst_fifo_gen/gconvfifo.rf/grf.rf/gntv_or_sync_fifo.gcx.clkx/gnxpm_cdc.rd_pntr_gc_reg[2]} {dbg_hub/inst/BSCANID.u_xsdbm_id/CORE_XSDB.UUT_MASTER/U_ICON_INTERFACE/U_CMD6_RD/U_RD_FIFO/SUBCORE_FIFO.xsdbm_v3_0_3_rdfifo_inst/inst_fifo_gen/gconvfifo.rf/grf.rf/gntv_or_sync_fifo.gcx.clkx/gnxpm_cdc.rd_pntr_gc_reg[3]}]]
                                              [get_cells [list {dbg_hub/inst/BSCANID.u_xsdbm_id/CORE_XSDB.UUT_MASTER/U_ICON_INTERFACE/U_CMD6_RD/U_RD_FIFO/SUBCORE_FIFO.xsdbm_v3_0_3_rdfifo_inst/inst_fifo_gen/gconvfifo.rf/grf.rf/gntv_or_sync_fifo.gcx.clkx/gnxpm_cdc.gsync_stage[1].wr_stg_inst/Q_reg_reg[0]} {dbg_hub/inst/BSCANID.u_xsdbm_id/CORE_XSDB.UUT_MASTER/U_ICON_INTERFACE/U_CMD6_RD/U_RD_FIFO/SUBCORE_FIFO.xsdbm_v3_0_3_rdfifo_inst/inst_fifo_gen/gconvfifo.rf/grf.rf/gntv_or_sync_fifo.gcx.clkx/gnxpm_cdc.gsync_stage[1].wr_stg_inst/Q_reg_reg[1]} {dbg_hub/inst/BSCANID.u_xsdbm_id/CORE_XSDB.UUT_MASTER/U_ICON_INTERFACE/U_CMD6_RD/U_RD_FIFO/SUBCORE_FIFO.xsdbm_v3_0_3_rdfifo_inst/inst_fifo_gen/gconvfifo.rf/grf.rf/gntv_or_sync_fifo.gcx.clkx/gnxpm_cdc.gsync_stage[1].wr_stg_inst/Q_reg_reg[2]} {dbg_hub/inst/BSCANID.u_xsdbm_id/CORE_XSDB.UUT_MASTER/U_ICON_INTERFACE/U_CMD6_RD/U_RD_FIFO/SUBCORE_FIFO.xsdbm_v3_0_3_rdfifo_inst/inst_fifo_gen/gconvfifo.rf/grf.rf/gntv_or_sync_fifo.gcx.clkx/gnxpm_cdc.gsync_stage[1].wr_stg_inst/Q_reg_reg[3]}]]
                                                                              Slow              6.250       0.938      5.312
8   133       [get_cells [list {dbg_hub/inst/BSCANID.u_xsdbm_id/CORE_XSDB.UUT_MASTER/U_ICON_INTERFACE/U_CMD6_RD/U_RD_FIFO/SUBCORE_FIFO.xsdbm_v3_0_3_rdfifo_inst/inst_fifo_gen/gconvfifo.rf/grf.rf/gntv_or_sync_fifo.gcx.clkx/gnxpm_cdc.wr_pntr_gc_reg[0]} {dbg_hub/inst/BSCANID.u_xsdbm_id/CORE_XSDB.UUT_MASTER/U_ICON_INTERFACE/U_CMD6_RD/U_RD_FIFO/SUBCORE_FIFO.xsdbm_v3_0_3_rdfifo_inst/inst_fifo_gen/gconvfifo.rf/grf.rf/gntv_or_sync_fifo.gcx.clkx/gnxpm_cdc.wr_pntr_gc_reg[1]} {dbg_hub/inst/BSCANID.u_xsdbm_id/CORE_XSDB.UUT_MASTER/U_ICON_INTERFACE/U_CMD6_RD/U_RD_FIFO/SUBCORE_FIFO.xsdbm_v3_0_3_rdfifo_inst/inst_fifo_gen/gconvfifo.rf/grf.rf/gntv_or_sync_fifo.gcx.clkx/gnxpm_cdc.wr_pntr_gc_reg[2]} {dbg_hub/inst/BSCANID.u_xsdbm_id/CORE_XSDB.UUT_MASTER/U_ICON_INTERFACE/U_CMD6_RD/U_RD_FIFO/SUBCORE_FIFO.xsdbm_v3_0_3_rdfifo_inst/inst_fifo_gen/gconvfifo.rf/grf.rf/gntv_or_sync_fifo.gcx.clkx/gnxpm_cdc.wr_pntr_gc_reg[3]}]]
                                              [get_cells [list {dbg_hub/inst/BSCANID.u_xsdbm_id/CORE_XSDB.UUT_MASTER/U_ICON_INTERFACE/U_CMD6_RD/U_RD_FIFO/SUBCORE_FIFO.xsdbm_v3_0_3_rdfifo_inst/inst_fifo_gen/gconvfifo.rf/grf.rf/gntv_or_sync_fifo.gcx.clkx/gnxpm_cdc.gsync_stage[1].rd_stg_inst/Q_reg_reg[0]} {dbg_hub/inst/BSCANID.u_xsdbm_id/CORE_XSDB.UUT_MASTER/U_ICON_INTERFACE/U_CMD6_RD/U_RD_FIFO/SUBCORE_FIFO.xsdbm_v3_0_3_rdfifo_inst/inst_fifo_gen/gconvfifo.rf/grf.rf/gntv_or_sync_fifo.gcx.clkx/gnxpm_cdc.gsync_stage[1].rd_stg_inst/Q_reg_reg[1]} {dbg_hub/inst/BSCANID.u_xsdbm_id/CORE_XSDB.UUT_MASTER/U_ICON_INTERFACE/U_CMD6_RD/U_RD_FIFO/SUBCORE_FIFO.xsdbm_v3_0_3_rdfifo_inst/inst_fifo_gen/gconvfifo.rf/grf.rf/gntv_or_sync_fifo.gcx.clkx/gnxpm_cdc.gsync_stage[1].rd_stg_inst/Q_reg_reg[2]} {dbg_hub/inst/BSCANID.u_xsdbm_id/CORE_XSDB.UUT_MASTER/U_ICON_INTERFACE/U_CMD6_RD/U_RD_FIFO/SUBCORE_FIFO.xsdbm_v3_0_3_rdfifo_inst/inst_fifo_gen/gconvfifo.rf/grf.rf/gntv_or_sync_fifo.gcx.clkx/gnxpm_cdc.gsync_stage[1].rd_stg_inst/Q_reg_reg[3]}]]
                                                                              Slow              6.250       0.731      5.519
9   136       [get_cells [list {dbg_hub/inst/BSCANID.u_xsdbm_id/CORE_XSDB.UUT_MASTER/U_ICON_INTERFACE/U_CMD6_WR/U_WR_FIFO/SUBCORE_FIFO.xsdbm_v3_0_3_wrfifo_inst/inst_fifo_gen/gconvfifo.rf/grf.rf/gntv_or_sync_fifo.gcx.clkx/gnxpm_cdc.rd_pntr_gc_reg[0]} {dbg_hub/inst/BSCANID.u_xsdbm_id/CORE_XSDB.UUT_MASTER/U_ICON_INTERFACE/U_CMD6_WR/U_WR_FIFO/SUBCORE_FIFO.xsdbm_v3_0_3_wrfifo_inst/inst_fifo_gen/gconvfifo.rf/grf.rf/gntv_or_sync_fifo.gcx.clkx/gnxpm_cdc.rd_pntr_gc_reg[1]} {dbg_hub/inst/BSCANID.u_xsdbm_id/CORE_XSDB.UUT_MASTER/U_ICON_INTERFACE/U_CMD6_WR/U_WR_FIFO/SUBCORE_FIFO.xsdbm_v3_0_3_wrfifo_inst/inst_fifo_gen/gconvfifo.rf/grf.rf/gntv_or_sync_fifo.gcx.clkx/gnxpm_cdc.rd_pntr_gc_reg[2]} {dbg_hub/inst/BSCANID.u_xsdbm_id/CORE_XSDB.UUT_MASTER/U_ICON_INTERFACE/U_CMD6_WR/U_WR_FIFO/SUBCORE_FIFO.xsdbm_v3_0_3_wrfifo_inst/inst_fifo_gen/gconvfifo.rf/grf.rf/gntv_or_sync_fifo.gcx.clkx/gnxpm_cdc.rd_pntr_gc_reg[3]}]]
                                              [get_cells [list {dbg_hub/inst/BSCANID.u_xsdbm_id/CORE_XSDB.UUT_MASTER/U_ICON_INTERFACE/U_CMD6_WR/U_WR_FIFO/SUBCORE_FIFO.xsdbm_v3_0_3_wrfifo_inst/inst_fifo_gen/gconvfifo.rf/grf.rf/gntv_or_sync_fifo.gcx.clkx/gnxpm_cdc.gsync_stage[1].wr_stg_inst/Q_reg_reg[0]} {dbg_hub/inst/BSCANID.u_xsdbm_id/CORE_XSDB.UUT_MASTER/U_ICON_INTERFACE/U_CMD6_WR/U_WR_FIFO/SUBCORE_FIFO.xsdbm_v3_0_3_wrfifo_inst/inst_fifo_gen/gconvfifo.rf/grf.rf/gntv_or_sync_fifo.gcx.clkx/gnxpm_cdc.gsync_stage[1].wr_stg_inst/Q_reg_reg[1]} {dbg_hub/inst/BSCANID.u_xsdbm_id/CORE_XSDB.UUT_MASTER/U_ICON_INTERFACE/U_CMD6_WR/U_WR_FIFO/SUBCORE_FIFO.xsdbm_v3_0_3_wrfifo_inst/inst_fifo_gen/gconvfifo.rf/grf.rf/gntv_or_sync_fifo.gcx.clkx/gnxpm_cdc.gsync_stage[1].wr_stg_inst/Q_reg_reg[2]} {dbg_hub/inst/BSCANID.u_xsdbm_id/CORE_XSDB.UUT_MASTER/U_ICON_INTERFACE/U_CMD6_WR/U_WR_FIFO/SUBCORE_FIFO.xsdbm_v3_0_3_wrfifo_inst/inst_fifo_gen/gconvfifo.rf/grf.rf/gntv_or_sync_fifo.gcx.clkx/gnxpm_cdc.gsync_stage[1].wr_stg_inst/Q_reg_reg[3]}]]
                                                                              Slow              6.250       0.788      5.462
10  138       [get_cells [list {dbg_hub/inst/BSCANID.u_xsdbm_id/CORE_XSDB.UUT_MASTER/U_ICON_INTERFACE/U_CMD6_WR/U_WR_FIFO/SUBCORE_FIFO.xsdbm_v3_0_3_wrfifo_inst/inst_fifo_gen/gconvfifo.rf/grf.rf/gntv_or_sync_fifo.gcx.clkx/gnxpm_cdc.wr_pntr_gc_reg[0]} {dbg_hub/inst/BSCANID.u_xsdbm_id/CORE_XSDB.UUT_MASTER/U_ICON_INTERFACE/U_CMD6_WR/U_WR_FIFO/SUBCORE_FIFO.xsdbm_v3_0_3_wrfifo_inst/inst_fifo_gen/gconvfifo.rf/grf.rf/gntv_or_sync_fifo.gcx.clkx/gnxpm_cdc.wr_pntr_gc_reg[1]} {dbg_hub/inst/BSCANID.u_xsdbm_id/CORE_XSDB.UUT_MASTER/U_ICON_INTERFACE/U_CMD6_WR/U_WR_FIFO/SUBCORE_FIFO.xsdbm_v3_0_3_wrfifo_inst/inst_fifo_gen/gconvfifo.rf/grf.rf/gntv_or_sync_fifo.gcx.clkx/gnxpm_cdc.wr_pntr_gc_reg[2]} {dbg_hub/inst/BSCANID.u_xsdbm_id/CORE_XSDB.UUT_MASTER/U_ICON_INTERFACE/U_CMD6_WR/U_WR_FIFO/SUBCORE_FIFO.xsdbm_v3_0_3_wrfifo_inst/inst_fifo_gen/gconvfifo.rf/grf.rf/gntv_or_sync_fifo.gcx.clkx/gnxpm_cdc.wr_pntr_gc_reg[3]}]]
                                              [get_cells [list {dbg_hub/inst/BSCANID.u_xsdbm_id/CORE_XSDB.UUT_MASTER/U_ICON_INTERFACE/U_CMD6_WR/U_WR_FIFO/SUBCORE_FIFO.xsdbm_v3_0_3_wrfifo_inst/inst_fifo_gen/gconvfifo.rf/grf.rf/gntv_or_sync_fifo.gcx.clkx/gnxpm_cdc.gsync_stage[1].rd_stg_inst/Q_reg_reg[0]} {dbg_hub/inst/BSCANID.u_xsdbm_id/CORE_XSDB.UUT_MASTER/U_ICON_INTERFACE/U_CMD6_WR/U_WR_FIFO/SUBCORE_FIFO.xsdbm_v3_0_3_wrfifo_inst/inst_fifo_gen/gconvfifo.rf/grf.rf/gntv_or_sync_fifo.gcx.clkx/gnxpm_cdc.gsync_stage[1].rd_stg_inst/Q_reg_reg[1]} {dbg_hub/inst/BSCANID.u_xsdbm_id/CORE_XSDB.UUT_MASTER/U_ICON_INTERFACE/U_CMD6_WR/U_WR_FIFO/SUBCORE_FIFO.xsdbm_v3_0_3_wrfifo_inst/inst_fifo_gen/gconvfifo.rf/grf.rf/gntv_or_sync_fifo.gcx.clkx/gnxpm_cdc.gsync_stage[1].rd_stg_inst/Q_reg_reg[2]} {dbg_hub/inst/BSCANID.u_xsdbm_id/CORE_XSDB.UUT_MASTER/U_ICON_INTERFACE/U_CMD6_WR/U_WR_FIFO/SUBCORE_FIFO.xsdbm_v3_0_3_wrfifo_inst/inst_fifo_gen/gconvfifo.rf/grf.rf/gntv_or_sync_fifo.gcx.clkx/gnxpm_cdc.gsync_stage[1].rd_stg_inst/Q_reg_reg[3]}]]
                                                                              Slow              6.250       0.715      5.535


2. Bus Skew Report Per Constraint
---------------------------------

Id: 1
set_bus_skew -from [get_cells [list {ADC1_IF/eras_fifo/U0/inst_fifo_gen/gconvfifo.rf/grf.rf/gntv_or_sync_fifo.gcx.clkx/rd_pntr_cdc_inst/src_gray_ff_reg[0]} {ADC1_IF/eras_fifo/U0/inst_fifo_gen/gconvfifo.rf/grf.rf/gntv_or_sync_fifo.gcx.clkx/rd_pntr_cdc_inst/src_gray_ff_reg[1]} {ADC1_IF/eras_fifo/U0/inst_fifo_gen/gconvfifo.rf/grf.rf/gntv_or_sync_fifo.gcx.clkx/rd_pntr_cdc_inst/src_gray_ff_reg[2]} {ADC1_IF/eras_fifo/U0/inst_fifo_gen/gconvfifo.rf/grf.rf/gntv_or_sync_fifo.gcx.clkx/rd_pntr_cdc_inst/src_gray_ff_reg[3]}]] -to [get_cells [list {ADC1_IF/eras_fifo/U0/inst_fifo_gen/gconvfifo.rf/grf.rf/gntv_or_sync_fifo.gcx.clkx/rd_pntr_cdc_inst/dest_graysync_ff_reg[0][0]} {ADC1_IF/eras_fifo/U0/inst_fifo_gen/gconvfifo.rf/grf.rf/gntv_or_sync_fifo.gcx.clkx/rd_pntr_cdc_inst/dest_graysync_ff_reg[0][1]} {ADC1_IF/eras_fifo/U0/inst_fifo_gen/gconvfifo.rf/grf.rf/gntv_or_sync_fifo.gcx.clkx/rd_pntr_cdc_inst/dest_graysync_ff_reg[0][2]} {ADC1_IF/eras_fifo/U0/inst_fifo_gen/gconvfifo.rf/grf.rf/gntv_or_sync_fifo.gcx.clkx/rd_pntr_cdc_inst/dest_graysync_ff_reg[0][3]}]] 6.249
Requirement: 6.249ns
Endpoints: 4

From Clock            To Clock              Endpoint Pin                    Reference Pin                   Corner  Actual(ns)  Slack(ns)
--------------------  --------------------  ------------------------------  ------------------------------  ------  ----------  ---------
clk_out1_SYSCLK0      CLK_DIV_OUT           ADC1_IF/eras_fifo/U0/inst_fifo_gen/gconvfifo.rf/grf.rf/gntv_or_sync_fifo.gcx.clkx/rd_pntr_cdc_inst/dest_graysync_ff_reg[0][1]/D
                                                                            ADC1_IF/eras_fifo/U0/inst_fifo_gen/gconvfifo.rf/grf.rf/gntv_or_sync_fifo.gcx.clkx/rd_pntr_cdc_inst/dest_graysync_ff_reg[0][3]/D
                                                                                                            Slow         0.758      5.491


Slack (MET) :             5.491ns  (requirement - actual skew)
  Endpoint Source:        <hidden>
                            (rising edge-triggered cell FDRE clocked by clk_out1_SYSCLK0)
  Endpoint Destination:   <hidden>
                            (rising edge-triggered cell FDRE clocked by CLK_DIV_OUT)
  Reference Source:       <hidden>
                            (rising edge-triggered cell FDRE clocked by clk_out1_SYSCLK0)
  Reference Destination:  <hidden>
                            (rising edge-triggered cell FDRE clocked by CLK_DIV_OUT)
  Path Type:              Bus Skew (Max at Slow Process Corner)
  Requirement:            6.249ns
  Endpoint Relative Delay:   -3.141ns
  Reference Relative Delay:  -4.623ns
  Relative CRPR:              0.724ns
  Actual Bus Skew:            0.758ns  (Endpoint Relative Delay - Reference Relative Delay - Relative CRPR)

Endpoint path:
    Location             Delay type                Incr(ns)  Path(ns)    Netlist Resource(s)
  -------------------------------------------------------------------    -------------------
                         (clock clk_out1_SYSCLK0 rise edge)
                                                      0.000     0.000 r  
    K4                                                0.000     0.000 r  CLK75mp (IN)
                         net (fo=0)                   0.000     0.000    SYSCLK0/inst/clk_in1_p
    K4                   IBUFDS (Prop_ibufds_I_O)     0.953     0.953 r  SYSCLK0/inst/clkin1_ibufgds/O
                         net (fo=1, routed)           1.233     2.186    SYSCLK0/inst/clk_in1_SYSCLK0
    MMCME2_ADV_X1Y2      MMCME2_ADV (Prop_mmcme2_adv_CLKIN1_CLKOUT0)
                                                     -7.070    -4.885 r  SYSCLK0/inst/mmcm_adv_inst/CLKOUT0
                         net (fo=1, routed)           1.719    -3.165    SYSCLK0/inst/clk_out1_SYSCLK0
    BUFGCTRL_X0Y21       BUFG (Prop_bufg_I_O)         0.096    -3.069 r  SYSCLK0/inst/clkout1_buf/O
                         net (fo=34876, routed)       1.807    -1.262    <hidden>
    SLICE_X12Y29         FDRE                                         r  <hidden>
  -------------------------------------------------------------------    -------------------
    SLICE_X12Y29         FDRE (Prop_fdre_C_Q)         0.478    -0.784 r  <hidden>
                         net (fo=1, routed)           0.577    -0.207    <hidden>
    SLICE_X12Y30         FDRE                                         r  <hidden>
  -------------------------------------------------------------------    -------------------

                         (clock CLK_DIV_OUT rise edge)
                                                      0.000     0.000 r  
    V13                                               0.000     0.000 r  ADC_DCO_P[1] (IN)
                         net (fo=0)                   0.000     0.000    ADC1_IF/adc/inst/ADC_DCO_P[0]
    V13                  IBUFDS (Prop_ibufds_I_O)     0.946     0.946 r  ADC1_IF/adc/inst/ibufds_clk_inst/O
                         net (fo=2, routed)           0.459     1.405    ADC1_IF/adc/inst/clk_in_int
    BUFR_X0Y1            BUFR (Prop_bufr_I_O)         0.919     2.324 r  ADC1_IF/adc/inst/clkout_buf_inst/O
                         net (fo=185, routed)         0.828     3.152    <hidden>
    SLICE_X12Y30         FDRE                                         r  <hidden>
                         clock pessimism              0.000     3.152    
    SLICE_X12Y30         FDRE (Setup_fdre_C_D)       -0.218     2.934    <hidden>
  -------------------------------------------------------------------
                         data arrival                          -0.207    
                         clock arrival                          2.934    
  -------------------------------------------------------------------
                         relative delay                        -3.141    

Reference path:
    Location             Delay type                Incr(ns)  Path(ns)    Netlist Resource(s)
  -------------------------------------------------------------------    -------------------
                         (clock clk_out1_SYSCLK0 rise edge)
                                                      0.000     0.000 r  
    K4                                                0.000     0.000 r  CLK75mp (IN)
                         net (fo=0)                   0.000     0.000    SYSCLK0/inst/clk_in1_p
    K4                   IBUFDS (Prop_ibufds_I_O)     0.909     0.909 r  SYSCLK0/inst/clkin1_ibufgds/O
                         net (fo=1, routed)           1.162     2.071    SYSCLK0/inst/clk_in1_SYSCLK0
    MMCME2_ADV_X1Y2      MMCME2_ADV (Prop_mmcme2_adv_CLKIN1_CLKOUT0)
                                                     -7.324    -5.253 r  SYSCLK0/inst/mmcm_adv_inst/CLKOUT0
                         net (fo=1, routed)           1.639    -3.614    SYSCLK0/inst/clk_out1_SYSCLK0
    BUFGCTRL_X0Y21       BUFG (Prop_bufg_I_O)         0.091    -3.523 r  SYSCLK0/inst/clkout1_buf/O
                         net (fo=34876, routed)       1.681    -1.842    <hidden>
    SLICE_X13Y29         FDRE                                         r  <hidden>
  -------------------------------------------------------------------    -------------------
    SLICE_X13Y29         FDRE (Prop_fdre_C_Q)         0.367    -1.475 r  <hidden>
                         net (fo=1, routed)           0.423    -1.052    <hidden>
    SLICE_X12Y28         FDRE                                         r  <hidden>
  -------------------------------------------------------------------    -------------------

                         (clock CLK_DIV_OUT rise edge)
                                                      0.000     0.000 r  
    V13                                               0.000     0.000 r  ADC_DCO_P[1] (IN)
                         net (fo=0)                   0.000     0.000    ADC1_IF/adc/inst/ADC_DCO_P[0]
    V13                  IBUFDS (Prop_ibufds_I_O)     0.990     0.990 r  ADC1_IF/adc/inst/ibufds_clk_inst/O
                         net (fo=2, routed)           0.500     1.490    ADC1_IF/adc/inst/clk_in_int
    BUFR_X0Y1            BUFR (Prop_bufr_I_O)         0.983     2.473 r  ADC1_IF/adc/inst/clkout_buf_inst/O
                         net (fo=185, routed)         0.867     3.340    <hidden>
    SLICE_X12Y28         FDRE                                         r  <hidden>
                         clock pessimism              0.000     3.340    
    SLICE_X12Y28         FDRE (Hold_fdre_C_D)         0.230     3.570    <hidden>
  -------------------------------------------------------------------
                         data arrival                          -1.052    
                         clock arrival                          3.570    
  -------------------------------------------------------------------
                         relative delay                        -4.623    



Id: 2
set_bus_skew -from [get_cells [list {ADC2_IF/eras_fifo/U0/inst_fifo_gen/gconvfifo.rf/grf.rf/gntv_or_sync_fifo.gcx.clkx/rd_pntr_cdc_inst/src_gray_ff_reg[0]} {ADC2_IF/eras_fifo/U0/inst_fifo_gen/gconvfifo.rf/grf.rf/gntv_or_sync_fifo.gcx.clkx/rd_pntr_cdc_inst/src_gray_ff_reg[1]} {ADC2_IF/eras_fifo/U0/inst_fifo_gen/gconvfifo.rf/grf.rf/gntv_or_sync_fifo.gcx.clkx/rd_pntr_cdc_inst/src_gray_ff_reg[2]} {ADC2_IF/eras_fifo/U0/inst_fifo_gen/gconvfifo.rf/grf.rf/gntv_or_sync_fifo.gcx.clkx/rd_pntr_cdc_inst/src_gray_ff_reg[3]}]] -to [get_cells [list {ADC2_IF/eras_fifo/U0/inst_fifo_gen/gconvfifo.rf/grf.rf/gntv_or_sync_fifo.gcx.clkx/rd_pntr_cdc_inst/dest_graysync_ff_reg[0][0]} {ADC2_IF/eras_fifo/U0/inst_fifo_gen/gconvfifo.rf/grf.rf/gntv_or_sync_fifo.gcx.clkx/rd_pntr_cdc_inst/dest_graysync_ff_reg[0][1]} {ADC2_IF/eras_fifo/U0/inst_fifo_gen/gconvfifo.rf/grf.rf/gntv_or_sync_fifo.gcx.clkx/rd_pntr_cdc_inst/dest_graysync_ff_reg[0][2]} {ADC2_IF/eras_fifo/U0/inst_fifo_gen/gconvfifo.rf/grf.rf/gntv_or_sync_fifo.gcx.clkx/rd_pntr_cdc_inst/dest_graysync_ff_reg[0][3]}]] 6.249
Requirement: 6.249ns
Endpoints: 4

From Clock            To Clock              Endpoint Pin                    Reference Pin                   Corner  Actual(ns)  Slack(ns)
--------------------  --------------------  ------------------------------  ------------------------------  ------  ----------  ---------
clk_out1_SYSCLK0      CLK_DIV_OUT_1         ADC2_IF/eras_fifo/U0/inst_fifo_gen/gconvfifo.rf/grf.rf/gntv_or_sync_fifo.gcx.clkx/rd_pntr_cdc_inst/dest_graysync_ff_reg[0][3]/D
                                                                            ADC2_IF/eras_fifo/U0/inst_fifo_gen/gconvfifo.rf/grf.rf/gntv_or_sync_fifo.gcx.clkx/rd_pntr_cdc_inst/dest_graysync_ff_reg[0][2]/D
                                                                                                            Slow         0.865      5.384


Slack (MET) :             5.384ns  (requirement - actual skew)
  Endpoint Source:        <hidden>
                            (rising edge-triggered cell FDRE clocked by clk_out1_SYSCLK0)
  Endpoint Destination:   <hidden>
                            (rising edge-triggered cell FDRE clocked by CLK_DIV_OUT_1)
  Reference Source:       <hidden>
                            (rising edge-triggered cell FDRE clocked by clk_out1_SYSCLK0)
  Reference Destination:  <hidden>
                            (rising edge-triggered cell FDRE clocked by CLK_DIV_OUT_1)
  Path Type:              Bus Skew (Max at Slow Process Corner)
  Requirement:            6.249ns
  Endpoint Relative Delay:   -3.082ns
  Reference Relative Delay:  -4.688ns
  Relative CRPR:              0.742ns
  Actual Bus Skew:            0.865ns  (Endpoint Relative Delay - Reference Relative Delay - Relative CRPR)

Endpoint path:
    Location             Delay type                Incr(ns)  Path(ns)    Netlist Resource(s)
  -------------------------------------------------------------------    -------------------
                         (clock clk_out1_SYSCLK0 rise edge)
                                                      0.000     0.000 r  
    K4                                                0.000     0.000 r  CLK75mp (IN)
                         net (fo=0)                   0.000     0.000    SYSCLK0/inst/clk_in1_p
    K4                   IBUFDS (Prop_ibufds_I_O)     0.953     0.953 r  SYSCLK0/inst/clkin1_ibufgds/O
                         net (fo=1, routed)           1.233     2.186    SYSCLK0/inst/clk_in1_SYSCLK0
    MMCME2_ADV_X1Y2      MMCME2_ADV (Prop_mmcme2_adv_CLKIN1_CLKOUT0)
                                                     -7.070    -4.885 r  SYSCLK0/inst/mmcm_adv_inst/CLKOUT0
                         net (fo=1, routed)           1.719    -3.165    SYSCLK0/inst/clk_out1_SYSCLK0
    BUFGCTRL_X0Y21       BUFG (Prop_bufg_I_O)         0.096    -3.069 r  SYSCLK0/inst/clkout1_buf/O
                         net (fo=34876, routed)       1.712    -1.357    <hidden>
    SLICE_X75Y64         FDRE                                         r  <hidden>
  -------------------------------------------------------------------    -------------------
    SLICE_X75Y64         FDRE (Prop_fdre_C_Q)         0.419    -0.938 r  <hidden>
                         net (fo=1, routed)           0.750    -0.188    <hidden>
    SLICE_X74Y64         FDRE                                         r  <hidden>
  -------------------------------------------------------------------    -------------------

                         (clock CLK_DIV_OUT_1 rise edge)
                                                      0.000     0.000 r  
    V4                                                0.000     0.000 r  ADC_DCO_P[2] (IN)
                         net (fo=0)                   0.000     0.000    ADC2_IF/adc/inst/ADC_DCO_P[0]
    V4                   IBUFDS (Prop_ibufds_I_O)     0.959     0.959 r  ADC2_IF/adc/inst/ibufds_clk_inst/O
                         net (fo=2, routed)           0.459     1.418    ADC2_IF/adc/inst/clk_in_int
    BUFR_X1Y5            BUFR (Prop_bufr_I_O)         0.919     2.337 r  ADC2_IF/adc/inst/clkout_buf_inst/O
                         net (fo=185, routed)         0.776     3.113    <hidden>
    SLICE_X74Y64         FDRE                                         r  <hidden>
                         clock pessimism              0.000     3.113    
    SLICE_X74Y64         FDRE (Setup_fdre_C_D)       -0.219     2.894    <hidden>
  -------------------------------------------------------------------
                         data arrival                          -0.188    
                         clock arrival                          2.894    
  -------------------------------------------------------------------
                         relative delay                        -3.082    

Reference path:
    Location             Delay type                Incr(ns)  Path(ns)    Netlist Resource(s)
  -------------------------------------------------------------------    -------------------
                         (clock clk_out1_SYSCLK0 rise edge)
                                                      0.000     0.000 r  
    K4                                                0.000     0.000 r  CLK75mp (IN)
                         net (fo=0)                   0.000     0.000    SYSCLK0/inst/clk_in1_p
    K4                   IBUFDS (Prop_ibufds_I_O)     0.909     0.909 r  SYSCLK0/inst/clkin1_ibufgds/O
                         net (fo=1, routed)           1.162     2.071    SYSCLK0/inst/clk_in1_SYSCLK0
    MMCME2_ADV_X1Y2      MMCME2_ADV (Prop_mmcme2_adv_CLKIN1_CLKOUT0)
                                                     -7.324    -5.253 r  SYSCLK0/inst/mmcm_adv_inst/CLKOUT0
                         net (fo=1, routed)           1.639    -3.614    SYSCLK0/inst/clk_out1_SYSCLK0
    BUFGCTRL_X0Y21       BUFG (Prop_bufg_I_O)         0.091    -3.523 r  SYSCLK0/inst/clkout1_buf/O
                         net (fo=34876, routed)       1.592    -1.930    <hidden>
    SLICE_X75Y64         FDRE                                         r  <hidden>
  -------------------------------------------------------------------    -------------------
    SLICE_X75Y64         FDRE (Prop_fdre_C_Q)         0.367    -1.563 r  <hidden>
                         net (fo=1, routed)           0.412    -1.151    <hidden>
    SLICE_X76Y64         FDRE                                         r  <hidden>
  -------------------------------------------------------------------    -------------------

                         (clock CLK_DIV_OUT_1 rise edge)
                                                      0.000     0.000 r  
    V4                                                0.000     0.000 r  ADC_DCO_P[2] (IN)
                         net (fo=0)                   0.000     0.000    ADC2_IF/adc/inst/ADC_DCO_P[0]
    V4                   IBUFDS (Prop_ibufds_I_O)     1.003     1.003 r  ADC2_IF/adc/inst/ibufds_clk_inst/O
                         net (fo=2, routed)           0.500     1.503    ADC2_IF/adc/inst/clk_in_int
    BUFR_X1Y5            BUFR (Prop_bufr_I_O)         0.983     2.486 r  ADC2_IF/adc/inst/clkout_buf_inst/O
                         net (fo=185, routed)         0.820     3.306    <hidden>
    SLICE_X76Y64         FDRE                                         r  <hidden>
                         clock pessimism              0.000     3.306    
    SLICE_X76Y64         FDRE (Hold_fdre_C_D)         0.231     3.537    <hidden>
  -------------------------------------------------------------------
                         data arrival                          -1.151    
                         clock arrival                          3.537    
  -------------------------------------------------------------------
                         relative delay                        -4.688    



Id: 3
set_bus_skew -from [get_cells [list {ADC3_IF/eras_fifo/U0/inst_fifo_gen/gconvfifo.rf/grf.rf/gntv_or_sync_fifo.gcx.clkx/rd_pntr_cdc_inst/src_gray_ff_reg[0]} {ADC3_IF/eras_fifo/U0/inst_fifo_gen/gconvfifo.rf/grf.rf/gntv_or_sync_fifo.gcx.clkx/rd_pntr_cdc_inst/src_gray_ff_reg[1]} {ADC3_IF/eras_fifo/U0/inst_fifo_gen/gconvfifo.rf/grf.rf/gntv_or_sync_fifo.gcx.clkx/rd_pntr_cdc_inst/src_gray_ff_reg[2]} {ADC3_IF/eras_fifo/U0/inst_fifo_gen/gconvfifo.rf/grf.rf/gntv_or_sync_fifo.gcx.clkx/rd_pntr_cdc_inst/src_gray_ff_reg[3]}]] -to [get_cells [list {ADC3_IF/eras_fifo/U0/inst_fifo_gen/gconvfifo.rf/grf.rf/gntv_or_sync_fifo.gcx.clkx/rd_pntr_cdc_inst/dest_graysync_ff_reg[0][0]} {ADC3_IF/eras_fifo/U0/inst_fifo_gen/gconvfifo.rf/grf.rf/gntv_or_sync_fifo.gcx.clkx/rd_pntr_cdc_inst/dest_graysync_ff_reg[0][1]} {ADC3_IF/eras_fifo/U0/inst_fifo_gen/gconvfifo.rf/grf.rf/gntv_or_sync_fifo.gcx.clkx/rd_pntr_cdc_inst/dest_graysync_ff_reg[0][2]} {ADC3_IF/eras_fifo/U0/inst_fifo_gen/gconvfifo.rf/grf.rf/gntv_or_sync_fifo.gcx.clkx/rd_pntr_cdc_inst/dest_graysync_ff_reg[0][3]}]] 6.249
Requirement: 6.249ns
Endpoints: 4

From Clock            To Clock              Endpoint Pin                    Reference Pin                   Corner  Actual(ns)  Slack(ns)
--------------------  --------------------  ------------------------------  ------------------------------  ------  ----------  ---------
clk_out1_SYSCLK0      CLK_DIV_OUT_2         ADC3_IF/eras_fifo/U0/inst_fifo_gen/gconvfifo.rf/grf.rf/gntv_or_sync_fifo.gcx.clkx/rd_pntr_cdc_inst/dest_graysync_ff_reg[0][3]/D
                                                                            ADC3_IF/eras_fifo/U0/inst_fifo_gen/gconvfifo.rf/grf.rf/gntv_or_sync_fifo.gcx.clkx/rd_pntr_cdc_inst/dest_graysync_ff_reg[0][1]/D
                                                                                                            Slow         0.746      5.503


Slack (MET) :             5.503ns  (requirement - actual skew)
  Endpoint Source:        <hidden>
                            (rising edge-triggered cell FDRE clocked by clk_out1_SYSCLK0)
  Endpoint Destination:   <hidden>
                            (rising edge-triggered cell FDRE clocked by CLK_DIV_OUT_2)
  Reference Source:       <hidden>
                            (rising edge-triggered cell FDRE clocked by clk_out1_SYSCLK0)
  Reference Destination:  <hidden>
                            (rising edge-triggered cell FDRE clocked by CLK_DIV_OUT_2)
  Path Type:              Bus Skew (Max at Slow Process Corner)
  Requirement:            6.249ns
  Endpoint Relative Delay:   -3.080ns
  Reference Relative Delay:  -4.508ns
  Relative CRPR:              0.681ns
  Actual Bus Skew:            0.746ns  (Endpoint Relative Delay - Reference Relative Delay - Relative CRPR)

Endpoint path:
    Location             Delay type                Incr(ns)  Path(ns)    Netlist Resource(s)
  -------------------------------------------------------------------    -------------------
                         (clock clk_out1_SYSCLK0 rise edge)
                                                      0.000     0.000 r  
    K4                                                0.000     0.000 r  CLK75mp (IN)
                         net (fo=0)                   0.000     0.000    SYSCLK0/inst/clk_in1_p
    K4                   IBUFDS (Prop_ibufds_I_O)     0.953     0.953 r  SYSCLK0/inst/clkin1_ibufgds/O
                         net (fo=1, routed)           1.233     2.186    SYSCLK0/inst/clk_in1_SYSCLK0
    MMCME2_ADV_X1Y2      MMCME2_ADV (Prop_mmcme2_adv_CLKIN1_CLKOUT0)
                                                     -7.070    -4.885 r  SYSCLK0/inst/mmcm_adv_inst/CLKOUT0
                         net (fo=1, routed)           1.719    -3.165    SYSCLK0/inst/clk_out1_SYSCLK0
    BUFGCTRL_X0Y21       BUFG (Prop_bufg_I_O)         0.096    -3.069 r  SYSCLK0/inst/clkout1_buf/O
                         net (fo=34876, routed)       1.706    -1.363    <hidden>
    SLICE_X79Y102        FDRE                                         r  <hidden>
  -------------------------------------------------------------------    -------------------
    SLICE_X79Y102        FDRE (Prop_fdre_C_Q)         0.419    -0.944 r  <hidden>
                         net (fo=1, routed)           0.665    -0.279    <hidden>
    SLICE_X77Y101        FDRE                                         r  <hidden>
  -------------------------------------------------------------------    -------------------

                         (clock CLK_DIV_OUT_2 rise edge)
                                                      0.000     0.000 r  
    H4                                                0.000     0.000 r  ADC_DCO_P[3] (IN)
                         net (fo=0)                   0.000     0.000    ADC3_IF/adc/inst/ADC_DCO_P[0]
    H4                   IBUFDS (Prop_ibufds_I_O)     0.911     0.911 r  ADC3_IF/adc/inst/ibufds_clk_inst/O
                         net (fo=2, routed)           0.459     1.370    ADC3_IF/adc/inst/clk_in_int
    BUFR_X1Y9            BUFR (Prop_bufr_I_O)         0.919     2.289 r  ADC3_IF/adc/inst/clkout_buf_inst/O
                         net (fo=185, routed)         0.782     3.071    <hidden>
    SLICE_X77Y101        FDRE                                         r  <hidden>
                         clock pessimism              0.000     3.071    
    SLICE_X77Y101        FDRE (Setup_fdre_C_D)       -0.270     2.801    <hidden>
  -------------------------------------------------------------------
                         data arrival                          -0.279    
                         clock arrival                          2.801    
  -------------------------------------------------------------------
                         relative delay                        -3.080    

Reference path:
    Location             Delay type                Incr(ns)  Path(ns)    Netlist Resource(s)
  -------------------------------------------------------------------    -------------------
                         (clock clk_out1_SYSCLK0 rise edge)
                                                      0.000     0.000 r  
    K4                                                0.000     0.000 r  CLK75mp (IN)
                         net (fo=0)                   0.000     0.000    SYSCLK0/inst/clk_in1_p
    K4                   IBUFDS (Prop_ibufds_I_O)     0.909     0.909 r  SYSCLK0/inst/clkin1_ibufgds/O
                         net (fo=1, routed)           1.162     2.071    SYSCLK0/inst/clk_in1_SYSCLK0
    MMCME2_ADV_X1Y2      MMCME2_ADV (Prop_mmcme2_adv_CLKIN1_CLKOUT0)
                                                     -7.324    -5.253 r  SYSCLK0/inst/mmcm_adv_inst/CLKOUT0
                         net (fo=1, routed)           1.639    -3.614    SYSCLK0/inst/clk_out1_SYSCLK0
    BUFGCTRL_X0Y21       BUFG (Prop_bufg_I_O)         0.091    -3.523 r  SYSCLK0/inst/clkout1_buf/O
                         net (fo=34876, routed)       1.595    -1.928    <hidden>
    SLICE_X85Y102        FDRE                                         r  <hidden>
  -------------------------------------------------------------------    -------------------
    SLICE_X85Y102        FDRE (Prop_fdre_C_Q)         0.337    -1.591 r  <hidden>
                         net (fo=1, routed)           0.370    -1.221    <hidden>
    SLICE_X83Y101        FDRE                                         r  <hidden>
  -------------------------------------------------------------------    -------------------

                         (clock CLK_DIV_OUT_2 rise edge)
                                                      0.000     0.000 r  
    H4                                                0.000     0.000 r  ADC_DCO_P[3] (IN)
                         net (fo=0)                   0.000     0.000    ADC3_IF/adc/inst/ADC_DCO_P[0]
    H4                   IBUFDS (Prop_ibufds_I_O)     0.955     0.955 r  ADC3_IF/adc/inst/ibufds_clk_inst/O
                         net (fo=2, routed)           0.500     1.455    ADC3_IF/adc/inst/clk_in_int
    BUFR_X1Y9            BUFR (Prop_bufr_I_O)         0.983     2.438 r  ADC3_IF/adc/inst/clkout_buf_inst/O
                         net (fo=185, routed)         0.820     3.258    <hidden>
    SLICE_X83Y101        FDRE                                         r  <hidden>
                         clock pessimism              0.000     3.258    
    SLICE_X83Y101        FDRE (Hold_fdre_C_D)         0.029     3.287    <hidden>
  -------------------------------------------------------------------
                         data arrival                          -1.221    
                         clock arrival                          3.287    
  -------------------------------------------------------------------
                         relative delay                        -4.508    



Id: 4
set_bus_skew -from [get_cells [list {ADC1_IF/eras_fifo/U0/inst_fifo_gen/gconvfifo.rf/grf.rf/gntv_or_sync_fifo.gcx.clkx/wr_pntr_cdc_inst/src_gray_ff_reg[0]} {ADC1_IF/eras_fifo/U0/inst_fifo_gen/gconvfifo.rf/grf.rf/gntv_or_sync_fifo.gcx.clkx/wr_pntr_cdc_inst/src_gray_ff_reg[1]} {ADC1_IF/eras_fifo/U0/inst_fifo_gen/gconvfifo.rf/grf.rf/gntv_or_sync_fifo.gcx.clkx/wr_pntr_cdc_inst/src_gray_ff_reg[2]} {ADC1_IF/eras_fifo/U0/inst_fifo_gen/gconvfifo.rf/grf.rf/gntv_or_sync_fifo.gcx.clkx/wr_pntr_cdc_inst/src_gray_ff_reg[3]}]] -to [get_cells [list {ADC1_IF/eras_fifo/U0/inst_fifo_gen/gconvfifo.rf/grf.rf/gntv_or_sync_fifo.gcx.clkx/wr_pntr_cdc_inst/dest_graysync_ff_reg[0][0]} {ADC1_IF/eras_fifo/U0/inst_fifo_gen/gconvfifo.rf/grf.rf/gntv_or_sync_fifo.gcx.clkx/wr_pntr_cdc_inst/dest_graysync_ff_reg[0][1]} {ADC1_IF/eras_fifo/U0/inst_fifo_gen/gconvfifo.rf/grf.rf/gntv_or_sync_fifo.gcx.clkx/wr_pntr_cdc_inst/dest_graysync_ff_reg[0][2]} {ADC1_IF/eras_fifo/U0/inst_fifo_gen/gconvfifo.rf/grf.rf/gntv_or_sync_fifo.gcx.clkx/wr_pntr_cdc_inst/dest_graysync_ff_reg[0][3]}]] 6.249
Requirement: 6.249ns
Endpoints: 4

From Clock            To Clock              Endpoint Pin                    Reference Pin                   Corner  Actual(ns)  Slack(ns)
--------------------  --------------------  ------------------------------  ------------------------------  ------  ----------  ---------
CLK_DIV_OUT           clk_out1_SYSCLK0      ADC1_IF/eras_fifo/U0/inst_fifo_gen/gconvfifo.rf/grf.rf/gntv_or_sync_fifo.gcx.clkx/wr_pntr_cdc_inst/dest_graysync_ff_reg[0][1]/D
                                                                            ADC1_IF/eras_fifo/U0/inst_fifo_gen/gconvfifo.rf/grf.rf/gntv_or_sync_fifo.gcx.clkx/wr_pntr_cdc_inst/dest_graysync_ff_reg[0][3]/D
                                                                                                            Slow         0.567      5.682


Slack (MET) :             5.682ns  (requirement - actual skew)
  Endpoint Source:        <hidden>
                            (rising edge-triggered cell FDRE clocked by CLK_DIV_OUT)
  Endpoint Destination:   <hidden>
                            (rising edge-triggered cell FDRE clocked by clk_out1_SYSCLK0)
  Reference Source:       <hidden>
                            (rising edge-triggered cell FDRE clocked by CLK_DIV_OUT)
  Reference Destination:  <hidden>
                            (rising edge-triggered cell FDRE clocked by clk_out1_SYSCLK0)
  Path Type:              Bus Skew (Max at Slow Process Corner)
  Requirement:            6.249ns
  Endpoint Relative Delay:    6.442ns
  Reference Relative Delay:   5.152ns
  Relative CRPR:              0.723ns
  Actual Bus Skew:            0.567ns  (Endpoint Relative Delay - Reference Relative Delay - Relative CRPR)

Endpoint path:
    Location             Delay type                Incr(ns)  Path(ns)    Netlist Resource(s)
  -------------------------------------------------------------------    -------------------
                         (clock CLK_DIV_OUT rise edge)
                                                      0.000     0.000 r  
    V13                                               0.000     0.000 r  ADC_DCO_P[1] (IN)
                         net (fo=0)                   0.000     0.000    ADC1_IF/adc/inst/ADC_DCO_P[0]
    V13                  IBUFDS (Prop_ibufds_I_O)     0.990     0.990 r  ADC1_IF/adc/inst/ibufds_clk_inst/O
                         net (fo=2, routed)           0.500     1.490    ADC1_IF/adc/inst/clk_in_int
    BUFR_X0Y1            BUFR (Prop_bufr_I_O)         0.983     2.473 r  ADC1_IF/adc/inst/clkout_buf_inst/O
                         net (fo=185, routed)         0.866     3.339    <hidden>
    SLICE_X11Y29         FDRE                                         r  <hidden>
  -------------------------------------------------------------------    -------------------
    SLICE_X11Y29         FDRE (Prop_fdre_C_Q)         0.419     3.758 r  <hidden>
                         net (fo=1, routed)           0.639     4.397    <hidden>
    SLICE_X12Y29         FDRE                                         r  <hidden>
  -------------------------------------------------------------------    -------------------

                         (clock clk_out1_SYSCLK0 rise edge)
                                                      0.000     0.000 r  
    K4                                                0.000     0.000 r  CLK75mp (IN)
                         net (fo=0)                   0.000     0.000    SYSCLK0/inst/clk_in1_p
    K4                   IBUFDS (Prop_ibufds_I_O)     0.909     0.909 r  SYSCLK0/inst/clkin1_ibufgds/O
                         net (fo=1, routed)           1.162     2.071    SYSCLK0/inst/clk_in1_SYSCLK0
    MMCME2_ADV_X1Y2      MMCME2_ADV (Prop_mmcme2_adv_CLKIN1_CLKOUT0)
                                                     -7.324    -5.253 r  SYSCLK0/inst/mmcm_adv_inst/CLKOUT0
                         net (fo=1, routed)           1.639    -3.614    SYSCLK0/inst/clk_out1_SYSCLK0
    BUFGCTRL_X0Y21       BUFG (Prop_bufg_I_O)         0.091    -3.523 r  SYSCLK0/inst/clkout1_buf/O
                         net (fo=34876, routed)       1.681    -1.842    <hidden>
    SLICE_X12Y29         FDRE                                         r  <hidden>
                         clock pessimism              0.000    -1.842    
    SLICE_X12Y29         FDRE (Setup_fdre_C_D)       -0.203    -2.045    <hidden>
  -------------------------------------------------------------------
                         data arrival                           4.397    
                         clock arrival                         -2.045    
  -------------------------------------------------------------------
                         relative delay                         6.442    

Reference path:
    Location             Delay type                Incr(ns)  Path(ns)    Netlist Resource(s)
  -------------------------------------------------------------------    -------------------
                         (clock CLK_DIV_OUT rise edge)
                                                      0.000     0.000 r  
    V13                                               0.000     0.000 r  ADC_DCO_P[1] (IN)
                         net (fo=0)                   0.000     0.000    ADC1_IF/adc/inst/ADC_DCO_P[0]
    V13                  IBUFDS (Prop_ibufds_I_O)     0.946     0.946 r  ADC1_IF/adc/inst/ibufds_clk_inst/O
                         net (fo=2, routed)           0.459     1.405    ADC1_IF/adc/inst/clk_in_int
    BUFR_X0Y1            BUFR (Prop_bufr_I_O)         0.919     2.324 r  ADC1_IF/adc/inst/clkout_buf_inst/O
                         net (fo=185, routed)         0.826     3.150    <hidden>
    SLICE_X10Y30         FDRE                                         r  <hidden>
  -------------------------------------------------------------------    -------------------
    SLICE_X10Y30         FDRE (Prop_fdre_C_Q)         0.385     3.535 r  <hidden>
                         net (fo=1, routed)           0.390     3.925    <hidden>
    SLICE_X13Y32         FDRE                                         r  <hidden>
  -------------------------------------------------------------------    -------------------

                         (clock clk_out1_SYSCLK0 rise edge)
                                                      0.000     0.000 r  
    K4                                                0.000     0.000 r  CLK75mp (IN)
                         net (fo=0)                   0.000     0.000    SYSCLK0/inst/clk_in1_p
    K4                   IBUFDS (Prop_ibufds_I_O)     0.953     0.953 r  SYSCLK0/inst/clkin1_ibufgds/O
                         net (fo=1, routed)           1.233     2.186    SYSCLK0/inst/clk_in1_SYSCLK0
    MMCME2_ADV_X1Y2      MMCME2_ADV (Prop_mmcme2_adv_CLKIN1_CLKOUT0)
                                                     -7.070    -4.885 r  SYSCLK0/inst/mmcm_adv_inst/CLKOUT0
                         net (fo=1, routed)           1.719    -3.165    SYSCLK0/inst/clk_out1_SYSCLK0
    BUFGCTRL_X0Y21       BUFG (Prop_bufg_I_O)         0.096    -3.069 r  SYSCLK0/inst/clkout1_buf/O
                         net (fo=34876, routed)       1.811    -1.258    <hidden>
    SLICE_X13Y32         FDRE                                         r  <hidden>
                         clock pessimism              0.000    -1.258    
    SLICE_X13Y32         FDRE (Hold_fdre_C_D)         0.031    -1.227    <hidden>
  -------------------------------------------------------------------
                         data arrival                           3.925    
                         clock arrival                         -1.227    
  -------------------------------------------------------------------
                         relative delay                         5.152    



Id: 5
set_bus_skew -from [get_cells [list {ADC2_IF/eras_fifo/U0/inst_fifo_gen/gconvfifo.rf/grf.rf/gntv_or_sync_fifo.gcx.clkx/wr_pntr_cdc_inst/src_gray_ff_reg[0]} {ADC2_IF/eras_fifo/U0/inst_fifo_gen/gconvfifo.rf/grf.rf/gntv_or_sync_fifo.gcx.clkx/wr_pntr_cdc_inst/src_gray_ff_reg[1]} {ADC2_IF/eras_fifo/U0/inst_fifo_gen/gconvfifo.rf/grf.rf/gntv_or_sync_fifo.gcx.clkx/wr_pntr_cdc_inst/src_gray_ff_reg[2]} {ADC2_IF/eras_fifo/U0/inst_fifo_gen/gconvfifo.rf/grf.rf/gntv_or_sync_fifo.gcx.clkx/wr_pntr_cdc_inst/src_gray_ff_reg[3]}]] -to [get_cells [list {ADC2_IF/eras_fifo/U0/inst_fifo_gen/gconvfifo.rf/grf.rf/gntv_or_sync_fifo.gcx.clkx/wr_pntr_cdc_inst/dest_graysync_ff_reg[0][0]} {ADC2_IF/eras_fifo/U0/inst_fifo_gen/gconvfifo.rf/grf.rf/gntv_or_sync_fifo.gcx.clkx/wr_pntr_cdc_inst/dest_graysync_ff_reg[0][1]} {ADC2_IF/eras_fifo/U0/inst_fifo_gen/gconvfifo.rf/grf.rf/gntv_or_sync_fifo.gcx.clkx/wr_pntr_cdc_inst/dest_graysync_ff_reg[0][2]} {ADC2_IF/eras_fifo/U0/inst_fifo_gen/gconvfifo.rf/grf.rf/gntv_or_sync_fifo.gcx.clkx/wr_pntr_cdc_inst/dest_graysync_ff_reg[0][3]}]] 6.249
Requirement: 6.249ns
Endpoints: 4

From Clock            To Clock              Endpoint Pin                    Reference Pin                   Corner  Actual(ns)  Slack(ns)
--------------------  --------------------  ------------------------------  ------------------------------  ------  ----------  ---------
CLK_DIV_OUT_1         clk_out1_SYSCLK0      ADC2_IF/eras_fifo/U0/inst_fifo_gen/gconvfifo.rf/grf.rf/gntv_or_sync_fifo.gcx.clkx/wr_pntr_cdc_inst/dest_graysync_ff_reg[0][1]/D
                                                                            ADC2_IF/eras_fifo/U0/inst_fifo_gen/gconvfifo.rf/grf.rf/gntv_or_sync_fifo.gcx.clkx/wr_pntr_cdc_inst/dest_graysync_ff_reg[0][3]/D
                                                                                                            Slow         0.836      5.413


Slack (MET) :             5.413ns  (requirement - actual skew)
  Endpoint Source:        <hidden>
                            (rising edge-triggered cell FDRE clocked by CLK_DIV_OUT_1)
  Endpoint Destination:   <hidden>
                            (rising edge-triggered cell FDRE clocked by clk_out1_SYSCLK0)
  Reference Source:       <hidden>
                            (rising edge-triggered cell FDRE clocked by CLK_DIV_OUT_1)
  Reference Destination:  <hidden>
                            (rising edge-triggered cell FDRE clocked by clk_out1_SYSCLK0)
  Path Type:              Bus Skew (Max at Slow Process Corner)
  Requirement:            6.249ns
  Endpoint Relative Delay:    6.678ns
  Reference Relative Delay:   5.078ns
  Relative CRPR:              0.765ns
  Actual Bus Skew:            0.836ns  (Endpoint Relative Delay - Reference Relative Delay - Relative CRPR)

Endpoint path:
    Location             Delay type                Incr(ns)  Path(ns)    Netlist Resource(s)
  -------------------------------------------------------------------    -------------------
                         (clock CLK_DIV_OUT_1 rise edge)
                                                      0.000     0.000 r  
    V4                                                0.000     0.000 r  ADC_DCO_P[2] (IN)
                         net (fo=0)                   0.000     0.000    ADC2_IF/adc/inst/ADC_DCO_P[0]
    V4                   IBUFDS (Prop_ibufds_I_O)     1.003     1.003 r  ADC2_IF/adc/inst/ibufds_clk_inst/O
                         net (fo=2, routed)           0.500     1.503    ADC2_IF/adc/inst/clk_in_int
    BUFR_X1Y5            BUFR (Prop_bufr_I_O)         0.983     2.486 r  ADC2_IF/adc/inst/clkout_buf_inst/O
                         net (fo=185, routed)         0.820     3.306    <hidden>
    SLICE_X73Y60         FDRE                                         r  <hidden>
  -------------------------------------------------------------------    -------------------
    SLICE_X73Y60         FDRE (Prop_fdre_C_Q)         0.419     3.725 r  <hidden>
                         net (fo=1, routed)           0.755     4.481    <hidden>
    SLICE_X72Y60         FDRE                                         r  <hidden>
  -------------------------------------------------------------------    -------------------

                         (clock clk_out1_SYSCLK0 rise edge)
                                                      0.000     0.000 r  
    K4                                                0.000     0.000 r  CLK75mp (IN)
                         net (fo=0)                   0.000     0.000    SYSCLK0/inst/clk_in1_p
    K4                   IBUFDS (Prop_ibufds_I_O)     0.909     0.909 r  SYSCLK0/inst/clkin1_ibufgds/O
                         net (fo=1, routed)           1.162     2.071    SYSCLK0/inst/clk_in1_SYSCLK0
    MMCME2_ADV_X1Y2      MMCME2_ADV (Prop_mmcme2_adv_CLKIN1_CLKOUT0)
                                                     -7.324    -5.253 r  SYSCLK0/inst/mmcm_adv_inst/CLKOUT0
                         net (fo=1, routed)           1.639    -3.614    SYSCLK0/inst/clk_out1_SYSCLK0
    BUFGCTRL_X0Y21       BUFG (Prop_bufg_I_O)         0.091    -3.523 r  SYSCLK0/inst/clkout1_buf/O
                         net (fo=34876, routed)       1.593    -1.929    <hidden>
    SLICE_X72Y60         FDRE                                         r  <hidden>
                         clock pessimism              0.000    -1.929    
    SLICE_X72Y60         FDRE (Setup_fdre_C_D)       -0.268    -2.197    <hidden>
  -------------------------------------------------------------------
                         data arrival                           4.481    
                         clock arrival                         -2.197    
  -------------------------------------------------------------------
                         relative delay                         6.678    

Reference path:
    Location             Delay type                Incr(ns)  Path(ns)    Netlist Resource(s)
  -------------------------------------------------------------------    -------------------
                         (clock CLK_DIV_OUT_1 rise edge)
                                                      0.000     0.000 r  
    V4                                                0.000     0.000 r  ADC_DCO_P[2] (IN)
                         net (fo=0)                   0.000     0.000    ADC2_IF/adc/inst/ADC_DCO_P[0]
    V4                   IBUFDS (Prop_ibufds_I_O)     0.959     0.959 r  ADC2_IF/adc/inst/ibufds_clk_inst/O
                         net (fo=2, routed)           0.459     1.418    ADC2_IF/adc/inst/clk_in_int
    BUFR_X1Y5            BUFR (Prop_bufr_I_O)         0.919     2.337 r  ADC2_IF/adc/inst/clkout_buf_inst/O
                         net (fo=185, routed)         0.778     3.115    <hidden>
    SLICE_X73Y60         FDRE                                         r  <hidden>
  -------------------------------------------------------------------    -------------------
    SLICE_X73Y60         FDRE (Prop_fdre_C_Q)         0.367     3.482 r  <hidden>
                         net (fo=1, routed)           0.410     3.892    <hidden>
    SLICE_X72Y60         FDRE                                         r  <hidden>
  -------------------------------------------------------------------    -------------------

                         (clock clk_out1_SYSCLK0 rise edge)
                                                      0.000     0.000 r  
    K4                                                0.000     0.000 r  CLK75mp (IN)
                         net (fo=0)                   0.000     0.000    SYSCLK0/inst/clk_in1_p
    K4                   IBUFDS (Prop_ibufds_I_O)     0.953     0.953 r  SYSCLK0/inst/clkin1_ibufgds/O
                         net (fo=1, routed)           1.233     2.186    SYSCLK0/inst/clk_in1_SYSCLK0
    MMCME2_ADV_X1Y2      MMCME2_ADV (Prop_mmcme2_adv_CLKIN1_CLKOUT0)
                                                     -7.070    -4.885 r  SYSCLK0/inst/mmcm_adv_inst/CLKOUT0
                         net (fo=1, routed)           1.719    -3.165    SYSCLK0/inst/clk_out1_SYSCLK0
    BUFGCTRL_X0Y21       BUFG (Prop_bufg_I_O)         0.096    -3.069 r  SYSCLK0/inst/clkout1_buf/O
                         net (fo=34876, routed)       1.713    -1.356    <hidden>
    SLICE_X72Y60         FDRE                                         r  <hidden>
                         clock pessimism              0.000    -1.356    
    SLICE_X72Y60         FDRE (Hold_fdre_C_D)         0.170    -1.186    <hidden>
  -------------------------------------------------------------------
                         data arrival                           3.892    
                         clock arrival                         -1.186    
  -------------------------------------------------------------------
                         relative delay                         5.078    



Id: 6
set_bus_skew -from [get_cells [list {ADC3_IF/eras_fifo/U0/inst_fifo_gen/gconvfifo.rf/grf.rf/gntv_or_sync_fifo.gcx.clkx/wr_pntr_cdc_inst/src_gray_ff_reg[0]} {ADC3_IF/eras_fifo/U0/inst_fifo_gen/gconvfifo.rf/grf.rf/gntv_or_sync_fifo.gcx.clkx/wr_pntr_cdc_inst/src_gray_ff_reg[1]} {ADC3_IF/eras_fifo/U0/inst_fifo_gen/gconvfifo.rf/grf.rf/gntv_or_sync_fifo.gcx.clkx/wr_pntr_cdc_inst/src_gray_ff_reg[2]} {ADC3_IF/eras_fifo/U0/inst_fifo_gen/gconvfifo.rf/grf.rf/gntv_or_sync_fifo.gcx.clkx/wr_pntr_cdc_inst/src_gray_ff_reg[3]}]] -to [get_cells [list {ADC3_IF/eras_fifo/U0/inst_fifo_gen/gconvfifo.rf/grf.rf/gntv_or_sync_fifo.gcx.clkx/wr_pntr_cdc_inst/dest_graysync_ff_reg[0][0]} {ADC3_IF/eras_fifo/U0/inst_fifo_gen/gconvfifo.rf/grf.rf/gntv_or_sync_fifo.gcx.clkx/wr_pntr_cdc_inst/dest_graysync_ff_reg[0][1]} {ADC3_IF/eras_fifo/U0/inst_fifo_gen/gconvfifo.rf/grf.rf/gntv_or_sync_fifo.gcx.clkx/wr_pntr_cdc_inst/dest_graysync_ff_reg[0][2]} {ADC3_IF/eras_fifo/U0/inst_fifo_gen/gconvfifo.rf/grf.rf/gntv_or_sync_fifo.gcx.clkx/wr_pntr_cdc_inst/dest_graysync_ff_reg[0][3]}]] 6.249
Requirement: 6.249ns
Endpoints: 4

From Clock            To Clock              Endpoint Pin                    Reference Pin                   Corner  Actual(ns)  Slack(ns)
--------------------  --------------------  ------------------------------  ------------------------------  ------  ----------  ---------
CLK_DIV_OUT_2         clk_out1_SYSCLK0      ADC3_IF/eras_fifo/U0/inst_fifo_gen/gconvfifo.rf/grf.rf/gntv_or_sync_fifo.gcx.clkx/wr_pntr_cdc_inst/dest_graysync_ff_reg[0][1]/D
                                                                            ADC3_IF/eras_fifo/U0/inst_fifo_gen/gconvfifo.rf/grf.rf/gntv_or_sync_fifo.gcx.clkx/wr_pntr_cdc_inst/dest_graysync_ff_reg[0][3]/D
                                                                                                            Slow         1.157      5.092


Slack (MET) :             5.092ns  (requirement - actual skew)
  Endpoint Source:        <hidden>
                            (rising edge-triggered cell FDRE clocked by CLK_DIV_OUT_2)
  Endpoint Destination:   <hidden>
                            (rising edge-triggered cell FDRE clocked by clk_out1_SYSCLK0)
  Reference Source:       <hidden>
                            (rising edge-triggered cell FDRE clocked by CLK_DIV_OUT_2)
  Reference Destination:  <hidden>
                            (rising edge-triggered cell FDRE clocked by clk_out1_SYSCLK0)
  Path Type:              Bus Skew (Max at Slow Process Corner)
  Requirement:            6.249ns
  Endpoint Relative Delay:    6.989ns
  Reference Relative Delay:   5.151ns
  Relative CRPR:              0.681ns
  Actual Bus Skew:            1.157ns  (Endpoint Relative Delay - Reference Relative Delay - Relative CRPR)

Endpoint path:
    Location             Delay type                Incr(ns)  Path(ns)    Netlist Resource(s)
  -------------------------------------------------------------------    -------------------
                         (clock CLK_DIV_OUT_2 rise edge)
                                                      0.000     0.000 r  
    H4                                                0.000     0.000 r  ADC_DCO_P[3] (IN)
                         net (fo=0)                   0.000     0.000    ADC3_IF/adc/inst/ADC_DCO_P[0]
    H4                   IBUFDS (Prop_ibufds_I_O)     0.955     0.955 r  ADC3_IF/adc/inst/ibufds_clk_inst/O
                         net (fo=2, routed)           0.500     1.455    ADC3_IF/adc/inst/clk_in_int
    BUFR_X1Y9            BUFR (Prop_bufr_I_O)         0.983     2.438 r  ADC3_IF/adc/inst/clkout_buf_inst/O
                         net (fo=185, routed)         0.826     3.264    <hidden>
    SLICE_X76Y100        FDRE                                         r  <hidden>
  -------------------------------------------------------------------    -------------------
    SLICE_X76Y100        FDRE (Prop_fdre_C_Q)         0.478     3.742 r  <hidden>
                         net (fo=1, routed)           1.057     4.798    <hidden>
    SLICE_X86Y101        FDRE                                         r  <hidden>
  -------------------------------------------------------------------    -------------------

                         (clock clk_out1_SYSCLK0 rise edge)
                                                      0.000     0.000 r  
    K4                                                0.000     0.000 r  CLK75mp (IN)
                         net (fo=0)                   0.000     0.000    SYSCLK0/inst/clk_in1_p
    K4                   IBUFDS (Prop_ibufds_I_O)     0.909     0.909 r  SYSCLK0/inst/clkin1_ibufgds/O
                         net (fo=1, routed)           1.162     2.071    SYSCLK0/inst/clk_in1_SYSCLK0
    MMCME2_ADV_X1Y2      MMCME2_ADV (Prop_mmcme2_adv_CLKIN1_CLKOUT0)
                                                     -7.324    -5.253 r  SYSCLK0/inst/mmcm_adv_inst/CLKOUT0
                         net (fo=1, routed)           1.639    -3.614    SYSCLK0/inst/clk_out1_SYSCLK0
    BUFGCTRL_X0Y21       BUFG (Prop_bufg_I_O)         0.091    -3.523 r  SYSCLK0/inst/clkout1_buf/O
                         net (fo=34876, routed)       1.597    -1.926    <hidden>
    SLICE_X86Y101        FDRE                                         r  <hidden>
                         clock pessimism              0.000    -1.926    
    SLICE_X86Y101        FDRE (Setup_fdre_C_D)       -0.265    -2.191    <hidden>
  -------------------------------------------------------------------
                         data arrival                           4.798    
                         clock arrival                         -2.191    
  -------------------------------------------------------------------
                         relative delay                         6.989    

Reference path:
    Location             Delay type                Incr(ns)  Path(ns)    Netlist Resource(s)
  -------------------------------------------------------------------    -------------------
                         (clock CLK_DIV_OUT_2 rise edge)
                                                      0.000     0.000 r  
    H4                                                0.000     0.000 r  ADC_DCO_P[3] (IN)
                         net (fo=0)                   0.000     0.000    ADC3_IF/adc/inst/ADC_DCO_P[0]
    H4                   IBUFDS (Prop_ibufds_I_O)     0.911     0.911 r  ADC3_IF/adc/inst/ibufds_clk_inst/O
                         net (fo=2, routed)           0.459     1.370    ADC3_IF/adc/inst/clk_in_int
    BUFR_X1Y9            BUFR (Prop_bufr_I_O)         0.919     2.289 r  ADC3_IF/adc/inst/clkout_buf_inst/O
                         net (fo=185, routed)         0.777     3.066    <hidden>
    SLICE_X83Y101        FDRE                                         r  <hidden>
  -------------------------------------------------------------------    -------------------
    SLICE_X83Y101        FDRE (Prop_fdre_C_Q)         0.367     3.433 r  <hidden>
                         net (fo=1, routed)           0.534     3.967    <hidden>
    SLICE_X85Y101        FDRE                                         r  <hidden>
  -------------------------------------------------------------------    -------------------

                         (clock clk_out1_SYSCLK0 rise edge)
                                                      0.000     0.000 r  
    K4                                                0.000     0.000 r  CLK75mp (IN)
                         net (fo=0)                   0.000     0.000    SYSCLK0/inst/clk_in1_p
    K4                   IBUFDS (Prop_ibufds_I_O)     0.953     0.953 r  SYSCLK0/inst/clkin1_ibufgds/O
                         net (fo=1, routed)           1.233     2.186    SYSCLK0/inst/clk_in1_SYSCLK0
    MMCME2_ADV_X1Y2      MMCME2_ADV (Prop_mmcme2_adv_CLKIN1_CLKOUT0)
                                                     -7.070    -4.885 r  SYSCLK0/inst/mmcm_adv_inst/CLKOUT0
                         net (fo=1, routed)           1.719    -3.165    SYSCLK0/inst/clk_out1_SYSCLK0
    BUFGCTRL_X0Y21       BUFG (Prop_bufg_I_O)         0.096    -3.069 r  SYSCLK0/inst/clkout1_buf/O
                         net (fo=34876, routed)       1.715    -1.354    <hidden>
    SLICE_X85Y101        FDRE                                         r  <hidden>
                         clock pessimism              0.000    -1.354    
    SLICE_X85Y101        FDRE (Hold_fdre_C_D)         0.170    -1.184    <hidden>
  -------------------------------------------------------------------
                         data arrival                           3.967    
                         clock arrival                         -1.184    
  -------------------------------------------------------------------
                         relative delay                         5.151    



Id: 7
set_bus_skew -from [get_cells [list {dbg_hub/inst/BSCANID.u_xsdbm_id/CORE_XSDB.UUT_MASTER/U_ICON_INTERFACE/U_CMD6_RD/U_RD_FIFO/SUBCORE_FIFO.xsdbm_v3_0_3_rdfifo_inst/inst_fifo_gen/gconvfifo.rf/grf.rf/gntv_or_sync_fifo.gcx.clkx/gnxpm_cdc.rd_pntr_gc_reg[0]} {dbg_hub/inst/BSCANID.u_xsdbm_id/CORE_XSDB.UUT_MASTER/U_ICON_INTERFACE/U_CMD6_RD/U_RD_FIFO/SUBCORE_FIFO.xsdbm_v3_0_3_rdfifo_inst/inst_fifo_gen/gconvfifo.rf/grf.rf/gntv_or_sync_fifo.gcx.clkx/gnxpm_cdc.rd_pntr_gc_reg[1]} {dbg_hub/inst/BSCANID.u_xsdbm_id/CORE_XSDB.UUT_MASTER/U_ICON_INTERFACE/U_CMD6_RD/U_RD_FIFO/SUBCORE_FIFO.xsdbm_v3_0_3_rdfifo_inst/inst_fifo_gen/gconvfifo.rf/grf.rf/gntv_or_sync_fifo.gcx.clkx/gnxpm_cdc.rd_pntr_gc_reg[2]} {dbg_hub/inst/BSCANID.u_xsdbm_id/CORE_XSDB.UUT_MASTER/U_ICON_INTERFACE/U_CMD6_RD/U_RD_FIFO/SUBCORE_FIFO.xsdbm_v3_0_3_rdfifo_inst/inst_fifo_gen/gconvfifo.rf/grf.rf/gntv_or_sync_fifo.gcx.clkx/gnxpm_cdc.rd_pntr_gc_reg[3]}]] -to [get_cells [list {dbg_hub/inst/BSCANID.u_xsdbm_id/CORE_XSDB.UUT_MASTER/U_ICON_INTERFACE/U_CMD6_RD/U_RD_FIFO/SUBCORE_FIFO.xsdbm_v3_0_3_rdfifo_inst/inst_fifo_gen/gconvfifo.rf/grf.rf/gntv_or_sync_fifo.gcx.clkx/gnxpm_cdc.gsync_stage[1].wr_stg_inst/Q_reg_reg[0]} {dbg_hub/inst/BSCANID.u_xsdbm_id/CORE_XSDB.UUT_MASTER/U_ICON_INTERFACE/U_CMD6_RD/U_RD_FIFO/SUBCORE_FIFO.xsdbm_v3_0_3_rdfifo_inst/inst_fifo_gen/gconvfifo.rf/grf.rf/gntv_or_sync_fifo.gcx.clkx/gnxpm_cdc.gsync_stage[1].wr_stg_inst/Q_reg_reg[1]} {dbg_hub/inst/BSCANID.u_xsdbm_id/CORE_XSDB.UUT_MASTER/U_ICON_INTERFACE/U_CMD6_RD/U_RD_FIFO/SUBCORE_FIFO.xsdbm_v3_0_3_rdfifo_inst/inst_fifo_gen/gconvfifo.rf/grf.rf/gntv_or_sync_fifo.gcx.clkx/gnxpm_cdc.gsync_stage[1].wr_stg_inst/Q_reg_reg[2]} {dbg_hub/inst/BSCANID.u_xsdbm_id/CORE_XSDB.UUT_MASTER/U_ICON_INTERFACE/U_CMD6_RD/U_RD_FIFO/SUBCORE_FIFO.xsdbm_v3_0_3_rdfifo_inst/inst_fifo_gen/gconvfifo.rf/grf.rf/gntv_or_sync_fifo.gcx.clkx/gnxpm_cdc.gsync_stage[1].wr_stg_inst/Q_reg_reg[3]}]] 6.250
Requirement: 6.250ns
Endpoints: 4

From Clock            To Clock              Endpoint Pin                    Reference Pin                   Corner  Actual(ns)  Slack(ns)
--------------------  --------------------  ------------------------------  ------------------------------  ------  ----------  ---------
dbg_hub/inst/BSCANID.u_xsdbm_id/SWITCH_N_EXT_BSCAN.bscan_inst/SERIES7_BSCAN.bscan_inst/TCK
                      clk_out1_SYSCLK0      dbg_hub/inst/BSCANID.u_xsdbm_id/CORE_XSDB.UUT_MASTER/U_ICON_INTERFACE/U_CMD6_RD/U_RD_FIFO/SUBCORE_FIFO.xsdbm_v3_0_3_rdfifo_inst/inst_fifo_gen/gconvfifo.rf/grf.rf/gntv_or_sync_fifo.gcx.clkx/gnxpm_cdc.gsync_stage[1].wr_stg_inst/Q_reg_reg[2]/D
                                                                            dbg_hub/inst/BSCANID.u_xsdbm_id/CORE_XSDB.UUT_MASTER/U_ICON_INTERFACE/U_CMD6_RD/U_RD_FIFO/SUBCORE_FIFO.xsdbm_v3_0_3_rdfifo_inst/inst_fifo_gen/gconvfifo.rf/grf.rf/gntv_or_sync_fifo.gcx.clkx/gnxpm_cdc.gsync_stage[1].wr_stg_inst/Q_reg_reg[0]/D
                                                                                                            Slow         0.938      5.312


Slack (MET) :             5.312ns  (requirement - actual skew)
  Endpoint Source:        dbg_hub/inst/BSCANID.u_xsdbm_id/CORE_XSDB.UUT_MASTER/U_ICON_INTERFACE/U_CMD6_RD/U_RD_FIFO/SUBCORE_FIFO.xsdbm_v3_0_3_rdfifo_inst/inst_fifo_gen/gconvfifo.rf/grf.rf/gntv_or_sync_fifo.gcx.clkx/gnxpm_cdc.rd_pntr_gc_reg[2]/C
                            (rising edge-triggered cell FDCE clocked by dbg_hub/inst/BSCANID.u_xsdbm_id/SWITCH_N_EXT_BSCAN.bscan_inst/SERIES7_BSCAN.bscan_inst/TCK)
  Endpoint Destination:   dbg_hub/inst/BSCANID.u_xsdbm_id/CORE_XSDB.UUT_MASTER/U_ICON_INTERFACE/U_CMD6_RD/U_RD_FIFO/SUBCORE_FIFO.xsdbm_v3_0_3_rdfifo_inst/inst_fifo_gen/gconvfifo.rf/grf.rf/gntv_or_sync_fifo.gcx.clkx/gnxpm_cdc.gsync_stage[1].wr_stg_inst/Q_reg_reg[2]/D
                            (rising edge-triggered cell FDCE clocked by clk_out1_SYSCLK0)
  Reference Source:       dbg_hub/inst/BSCANID.u_xsdbm_id/CORE_XSDB.UUT_MASTER/U_ICON_INTERFACE/U_CMD6_RD/U_RD_FIFO/SUBCORE_FIFO.xsdbm_v3_0_3_rdfifo_inst/inst_fifo_gen/gconvfifo.rf/grf.rf/gntv_or_sync_fifo.gcx.clkx/gnxpm_cdc.rd_pntr_gc_reg[0]/C
                            (rising edge-triggered cell FDCE clocked by dbg_hub/inst/BSCANID.u_xsdbm_id/SWITCH_N_EXT_BSCAN.bscan_inst/SERIES7_BSCAN.bscan_inst/TCK)
  Reference Destination:  dbg_hub/inst/BSCANID.u_xsdbm_id/CORE_XSDB.UUT_MASTER/U_ICON_INTERFACE/U_CMD6_RD/U_RD_FIFO/SUBCORE_FIFO.xsdbm_v3_0_3_rdfifo_inst/inst_fifo_gen/gconvfifo.rf/grf.rf/gntv_or_sync_fifo.gcx.clkx/gnxpm_cdc.gsync_stage[1].wr_stg_inst/Q_reg_reg[0]/D
                            (rising edge-triggered cell FDCE clocked by clk_out1_SYSCLK0)
  Path Type:              Bus Skew (Max at Slow Process Corner)
  Requirement:            6.250ns
  Endpoint Relative Delay:    7.319ns
  Reference Relative Delay:   5.451ns
  Relative CRPR:              0.930ns
  Actual Bus Skew:            0.938ns  (Endpoint Relative Delay - Reference Relative Delay - Relative CRPR)

Endpoint path:
    Location             Delay type                Incr(ns)  Path(ns)    Netlist Resource(s)
  -------------------------------------------------------------------    -------------------
                         (clock dbg_hub/inst/BSCANID.u_xsdbm_id/SWITCH_N_EXT_BSCAN.bscan_inst/SERIES7_BSCAN.bscan_inst/TCK rise edge)
                                                      0.000     0.000 r  
    BSCAN_X0Y0           BSCANE2                      0.000     0.000 r  dbg_hub/inst/BSCANID.u_xsdbm_id/SWITCH_N_EXT_BSCAN.bscan_inst/SERIES7_BSCAN.bscan_inst/TCK
                         net (fo=1, routed)           2.072     2.072    dbg_hub/inst/BSCANID.u_xsdbm_id/tck_bs
    BUFGCTRL_X0Y2        BUFG (Prop_bufg_I_O)         0.096     2.168 r  dbg_hub/inst/BSCANID.u_xsdbm_id/SWITCH_N_EXT_BSCAN.u_bufg_icon_tck/O
                         net (fo=482, routed)         1.802     3.970    dbg_hub/inst/BSCANID.u_xsdbm_id/CORE_XSDB.UUT_MASTER/U_ICON_INTERFACE/U_CMD6_RD/U_RD_FIFO/SUBCORE_FIFO.xsdbm_v3_0_3_rdfifo_inst/inst_fifo_gen/gconvfifo.rf/grf.rf/gntv_or_sync_fifo.gcx.clkx/rd_clk
    SLICE_X11Y178        FDCE                                         r  dbg_hub/inst/BSCANID.u_xsdbm_id/CORE_XSDB.UUT_MASTER/U_ICON_INTERFACE/U_CMD6_RD/U_RD_FIFO/SUBCORE_FIFO.xsdbm_v3_0_3_rdfifo_inst/inst_fifo_gen/gconvfifo.rf/grf.rf/gntv_or_sync_fifo.gcx.clkx/gnxpm_cdc.rd_pntr_gc_reg[2]/C
  -------------------------------------------------------------------    -------------------
    SLICE_X11Y178        FDCE (Prop_fdce_C_Q)         0.419     4.389 r  dbg_hub/inst/BSCANID.u_xsdbm_id/CORE_XSDB.UUT_MASTER/U_ICON_INTERFACE/U_CMD6_RD/U_RD_FIFO/SUBCORE_FIFO.xsdbm_v3_0_3_rdfifo_inst/inst_fifo_gen/gconvfifo.rf/grf.rf/gntv_or_sync_fifo.gcx.clkx/gnxpm_cdc.rd_pntr_gc_reg[2]/Q
                         net (fo=1, routed)           0.816     5.205    dbg_hub/inst/BSCANID.u_xsdbm_id/CORE_XSDB.UUT_MASTER/U_ICON_INTERFACE/U_CMD6_RD/U_RD_FIFO/SUBCORE_FIFO.xsdbm_v3_0_3_rdfifo_inst/inst_fifo_gen/gconvfifo.rf/grf.rf/gntv_or_sync_fifo.gcx.clkx/gnxpm_cdc.gsync_stage[1].wr_stg_inst/Q[2]
    SLICE_X11Y179        FDCE                                         r  dbg_hub/inst/BSCANID.u_xsdbm_id/CORE_XSDB.UUT_MASTER/U_ICON_INTERFACE/U_CMD6_RD/U_RD_FIFO/SUBCORE_FIFO.xsdbm_v3_0_3_rdfifo_inst/inst_fifo_gen/gconvfifo.rf/grf.rf/gntv_or_sync_fifo.gcx.clkx/gnxpm_cdc.gsync_stage[1].wr_stg_inst/Q_reg_reg[2]/D
  -------------------------------------------------------------------    -------------------

                         (clock clk_out1_SYSCLK0 rise edge)
                                                      0.000     0.000 r  
    K4                                                0.000     0.000 r  CLK75mp (IN)
                         net (fo=0)                   0.000     0.000    SYSCLK0/inst/clk_in1_p
    K4                   IBUFDS (Prop_ibufds_I_O)     0.909     0.909 r  SYSCLK0/inst/clkin1_ibufgds/O
                         net (fo=1, routed)           1.162     2.071    SYSCLK0/inst/clk_in1_SYSCLK0
    MMCME2_ADV_X1Y2      MMCME2_ADV (Prop_mmcme2_adv_CLKIN1_CLKOUT0)
                                                     -7.324    -5.253 r  SYSCLK0/inst/mmcm_adv_inst/CLKOUT0
                         net (fo=1, routed)           1.639    -3.614    SYSCLK0/inst/clk_out1_SYSCLK0
    BUFGCTRL_X0Y21       BUFG (Prop_bufg_I_O)         0.091    -3.523 r  SYSCLK0/inst/clkout1_buf/O
                         net (fo=34876, routed)       1.675    -1.848    dbg_hub/inst/BSCANID.u_xsdbm_id/CORE_XSDB.UUT_MASTER/U_ICON_INTERFACE/U_CMD6_RD/U_RD_FIFO/SUBCORE_FIFO.xsdbm_v3_0_3_rdfifo_inst/inst_fifo_gen/gconvfifo.rf/grf.rf/gntv_or_sync_fifo.gcx.clkx/gnxpm_cdc.gsync_stage[1].wr_stg_inst/wr_clk
    SLICE_X11Y179        FDCE                                         r  dbg_hub/inst/BSCANID.u_xsdbm_id/CORE_XSDB.UUT_MASTER/U_ICON_INTERFACE/U_CMD6_RD/U_RD_FIFO/SUBCORE_FIFO.xsdbm_v3_0_3_rdfifo_inst/inst_fifo_gen/gconvfifo.rf/grf.rf/gntv_or_sync_fifo.gcx.clkx/gnxpm_cdc.gsync_stage[1].wr_stg_inst/Q_reg_reg[2]/C
                         clock pessimism              0.000    -1.848    
    SLICE_X11Y179        FDCE (Setup_fdce_C_D)       -0.266    -2.114    dbg_hub/inst/BSCANID.u_xsdbm_id/CORE_XSDB.UUT_MASTER/U_ICON_INTERFACE/U_CMD6_RD/U_RD_FIFO/SUBCORE_FIFO.xsdbm_v3_0_3_rdfifo_inst/inst_fifo_gen/gconvfifo.rf/grf.rf/gntv_or_sync_fifo.gcx.clkx/gnxpm_cdc.gsync_stage[1].wr_stg_inst/Q_reg_reg[2]
  -------------------------------------------------------------------
                         data arrival                           5.205    
                         clock arrival                         -2.114    
  -------------------------------------------------------------------
                         relative delay                         7.319    

Reference path:
    Location             Delay type                Incr(ns)  Path(ns)    Netlist Resource(s)
  -------------------------------------------------------------------    -------------------
                         (clock dbg_hub/inst/BSCANID.u_xsdbm_id/SWITCH_N_EXT_BSCAN.bscan_inst/SERIES7_BSCAN.bscan_inst/TCK rise edge)
                                                      0.000     0.000 r  
    BSCAN_X0Y0           BSCANE2                      0.000     0.000 r  dbg_hub/inst/BSCANID.u_xsdbm_id/SWITCH_N_EXT_BSCAN.bscan_inst/SERIES7_BSCAN.bscan_inst/TCK
                         net (fo=1, routed)           1.776     1.776    dbg_hub/inst/BSCANID.u_xsdbm_id/tck_bs
    BUFGCTRL_X0Y2        BUFG (Prop_bufg_I_O)         0.091     1.867 r  dbg_hub/inst/BSCANID.u_xsdbm_id/SWITCH_N_EXT_BSCAN.u_bufg_icon_tck/O
                         net (fo=482, routed)         1.677     3.544    dbg_hub/inst/BSCANID.u_xsdbm_id/CORE_XSDB.UUT_MASTER/U_ICON_INTERFACE/U_CMD6_RD/U_RD_FIFO/SUBCORE_FIFO.xsdbm_v3_0_3_rdfifo_inst/inst_fifo_gen/gconvfifo.rf/grf.rf/gntv_or_sync_fifo.gcx.clkx/rd_clk
    SLICE_X13Y179        FDCE                                         r  dbg_hub/inst/BSCANID.u_xsdbm_id/CORE_XSDB.UUT_MASTER/U_ICON_INTERFACE/U_CMD6_RD/U_RD_FIFO/SUBCORE_FIFO.xsdbm_v3_0_3_rdfifo_inst/inst_fifo_gen/gconvfifo.rf/grf.rf/gntv_or_sync_fifo.gcx.clkx/gnxpm_cdc.rd_pntr_gc_reg[0]/C
  -------------------------------------------------------------------    -------------------
    SLICE_X13Y179        FDCE (Prop_fdce_C_Q)         0.367     3.911 r  dbg_hub/inst/BSCANID.u_xsdbm_id/CORE_XSDB.UUT_MASTER/U_ICON_INTERFACE/U_CMD6_RD/U_RD_FIFO/SUBCORE_FIFO.xsdbm_v3_0_3_rdfifo_inst/inst_fifo_gen/gconvfifo.rf/grf.rf/gntv_or_sync_fifo.gcx.clkx/gnxpm_cdc.rd_pntr_gc_reg[0]/Q
                         net (fo=1, routed)           0.502     4.413    dbg_hub/inst/BSCANID.u_xsdbm_id/CORE_XSDB.UUT_MASTER/U_ICON_INTERFACE/U_CMD6_RD/U_RD_FIFO/SUBCORE_FIFO.xsdbm_v3_0_3_rdfifo_inst/inst_fifo_gen/gconvfifo.rf/grf.rf/gntv_or_sync_fifo.gcx.clkx/gnxpm_cdc.gsync_stage[1].wr_stg_inst/Q[0]
    SLICE_X12Y179        FDCE                                         r  dbg_hub/inst/BSCANID.u_xsdbm_id/CORE_XSDB.UUT_MASTER/U_ICON_INTERFACE/U_CMD6_RD/U_RD_FIFO/SUBCORE_FIFO.xsdbm_v3_0_3_rdfifo_inst/inst_fifo_gen/gconvfifo.rf/grf.rf/gntv_or_sync_fifo.gcx.clkx/gnxpm_cdc.gsync_stage[1].wr_stg_inst/Q_reg_reg[0]/D
  -------------------------------------------------------------------    -------------------

                         (clock clk_out1_SYSCLK0 rise edge)
                                                      0.000     0.000 r  
    K4                                                0.000     0.000 r  CLK75mp (IN)
                         net (fo=0)                   0.000     0.000    SYSCLK0/inst/clk_in1_p
    K4                   IBUFDS (Prop_ibufds_I_O)     0.953     0.953 r  SYSCLK0/inst/clkin1_ibufgds/O
                         net (fo=1, routed)           1.233     2.186    SYSCLK0/inst/clk_in1_SYSCLK0
    MMCME2_ADV_X1Y2      MMCME2_ADV (Prop_mmcme2_adv_CLKIN1_CLKOUT0)
                                                     -7.070    -4.885 r  SYSCLK0/inst/mmcm_adv_inst/CLKOUT0
                         net (fo=1, routed)           1.719    -3.165    SYSCLK0/inst/clk_out1_SYSCLK0
    BUFGCTRL_X0Y21       BUFG (Prop_bufg_I_O)         0.096    -3.069 r  SYSCLK0/inst/clkout1_buf/O
                         net (fo=34876, routed)       1.801    -1.268    dbg_hub/inst/BSCANID.u_xsdbm_id/CORE_XSDB.UUT_MASTER/U_ICON_INTERFACE/U_CMD6_RD/U_RD_FIFO/SUBCORE_FIFO.xsdbm_v3_0_3_rdfifo_inst/inst_fifo_gen/gconvfifo.rf/grf.rf/gntv_or_sync_fifo.gcx.clkx/gnxpm_cdc.gsync_stage[1].wr_stg_inst/wr_clk
    SLICE_X12Y179        FDCE                                         r  dbg_hub/inst/BSCANID.u_xsdbm_id/CORE_XSDB.UUT_MASTER/U_ICON_INTERFACE/U_CMD6_RD/U_RD_FIFO/SUBCORE_FIFO.xsdbm_v3_0_3_rdfifo_inst/inst_fifo_gen/gconvfifo.rf/grf.rf/gntv_or_sync_fifo.gcx.clkx/gnxpm_cdc.gsync_stage[1].wr_stg_inst/Q_reg_reg[0]/C
                         clock pessimism              0.000    -1.268    
    SLICE_X12Y179        FDCE (Hold_fdce_C_D)         0.230    -1.038    dbg_hub/inst/BSCANID.u_xsdbm_id/CORE_XSDB.UUT_MASTER/U_ICON_INTERFACE/U_CMD6_RD/U_RD_FIFO/SUBCORE_FIFO.xsdbm_v3_0_3_rdfifo_inst/inst_fifo_gen/gconvfifo.rf/grf.rf/gntv_or_sync_fifo.gcx.clkx/gnxpm_cdc.gsync_stage[1].wr_stg_inst/Q_reg_reg[0]
  -------------------------------------------------------------------
                         data arrival                           4.413    
                         clock arrival                         -1.038    
  -------------------------------------------------------------------
                         relative delay                         5.451    



Id: 8
set_bus_skew -from [get_cells [list {dbg_hub/inst/BSCANID.u_xsdbm_id/CORE_XSDB.UUT_MASTER/U_ICON_INTERFACE/U_CMD6_RD/U_RD_FIFO/SUBCORE_FIFO.xsdbm_v3_0_3_rdfifo_inst/inst_fifo_gen/gconvfifo.rf/grf.rf/gntv_or_sync_fifo.gcx.clkx/gnxpm_cdc.wr_pntr_gc_reg[0]} {dbg_hub/inst/BSCANID.u_xsdbm_id/CORE_XSDB.UUT_MASTER/U_ICON_INTERFACE/U_CMD6_RD/U_RD_FIFO/SUBCORE_FIFO.xsdbm_v3_0_3_rdfifo_inst/inst_fifo_gen/gconvfifo.rf/grf.rf/gntv_or_sync_fifo.gcx.clkx/gnxpm_cdc.wr_pntr_gc_reg[1]} {dbg_hub/inst/BSCANID.u_xsdbm_id/CORE_XSDB.UUT_MASTER/U_ICON_INTERFACE/U_CMD6_RD/U_RD_FIFO/SUBCORE_FIFO.xsdbm_v3_0_3_rdfifo_inst/inst_fifo_gen/gconvfifo.rf/grf.rf/gntv_or_sync_fifo.gcx.clkx/gnxpm_cdc.wr_pntr_gc_reg[2]} {dbg_hub/inst/BSCANID.u_xsdbm_id/CORE_XSDB.UUT_MASTER/U_ICON_INTERFACE/U_CMD6_RD/U_RD_FIFO/SUBCORE_FIFO.xsdbm_v3_0_3_rdfifo_inst/inst_fifo_gen/gconvfifo.rf/grf.rf/gntv_or_sync_fifo.gcx.clkx/gnxpm_cdc.wr_pntr_gc_reg[3]}]] -to [get_cells [list {dbg_hub/inst/BSCANID.u_xsdbm_id/CORE_XSDB.UUT_MASTER/U_ICON_INTERFACE/U_CMD6_RD/U_RD_FIFO/SUBCORE_FIFO.xsdbm_v3_0_3_rdfifo_inst/inst_fifo_gen/gconvfifo.rf/grf.rf/gntv_or_sync_fifo.gcx.clkx/gnxpm_cdc.gsync_stage[1].rd_stg_inst/Q_reg_reg[0]} {dbg_hub/inst/BSCANID.u_xsdbm_id/CORE_XSDB.UUT_MASTER/U_ICON_INTERFACE/U_CMD6_RD/U_RD_FIFO/SUBCORE_FIFO.xsdbm_v3_0_3_rdfifo_inst/inst_fifo_gen/gconvfifo.rf/grf.rf/gntv_or_sync_fifo.gcx.clkx/gnxpm_cdc.gsync_stage[1].rd_stg_inst/Q_reg_reg[1]} {dbg_hub/inst/BSCANID.u_xsdbm_id/CORE_XSDB.UUT_MASTER/U_ICON_INTERFACE/U_CMD6_RD/U_RD_FIFO/SUBCORE_FIFO.xsdbm_v3_0_3_rdfifo_inst/inst_fifo_gen/gconvfifo.rf/grf.rf/gntv_or_sync_fifo.gcx.clkx/gnxpm_cdc.gsync_stage[1].rd_stg_inst/Q_reg_reg[2]} {dbg_hub/inst/BSCANID.u_xsdbm_id/CORE_XSDB.UUT_MASTER/U_ICON_INTERFACE/U_CMD6_RD/U_RD_FIFO/SUBCORE_FIFO.xsdbm_v3_0_3_rdfifo_inst/inst_fifo_gen/gconvfifo.rf/grf.rf/gntv_or_sync_fifo.gcx.clkx/gnxpm_cdc.gsync_stage[1].rd_stg_inst/Q_reg_reg[3]}]] 6.250
Requirement: 6.250ns
Endpoints: 4

From Clock            To Clock              Endpoint Pin                    Reference Pin                   Corner  Actual(ns)  Slack(ns)
--------------------  --------------------  ------------------------------  ------------------------------  ------  ----------  ---------
clk_out1_SYSCLK0      dbg_hub/inst/BSCANID.u_xsdbm_id/SWITCH_N_EXT_BSCAN.bscan_inst/SERIES7_BSCAN.bscan_inst/TCK
                                            dbg_hub/inst/BSCANID.u_xsdbm_id/CORE_XSDB.UUT_MASTER/U_ICON_INTERFACE/U_CMD6_RD/U_RD_FIFO/SUBCORE_FIFO.xsdbm_v3_0_3_rdfifo_inst/inst_fifo_gen/gconvfifo.rf/grf.rf/gntv_or_sync_fifo.gcx.clkx/gnxpm_cdc.gsync_stage[1].rd_stg_inst/Q_reg_reg[3]/D
                                                                            dbg_hub/inst/BSCANID.u_xsdbm_id/CORE_XSDB.UUT_MASTER/U_ICON_INTERFACE/U_CMD6_RD/U_RD_FIFO/SUBCORE_FIFO.xsdbm_v3_0_3_rdfifo_inst/inst_fifo_gen/gconvfifo.rf/grf.rf/gntv_or_sync_fifo.gcx.clkx/gnxpm_cdc.gsync_stage[1].rd_stg_inst/Q_reg_reg[1]/D
                                                                                                            Slow         0.731      5.519


Slack (MET) :             5.519ns  (requirement - actual skew)
  Endpoint Source:        dbg_hub/inst/BSCANID.u_xsdbm_id/CORE_XSDB.UUT_MASTER/U_ICON_INTERFACE/U_CMD6_RD/U_RD_FIFO/SUBCORE_FIFO.xsdbm_v3_0_3_rdfifo_inst/inst_fifo_gen/gconvfifo.rf/grf.rf/gntv_or_sync_fifo.gcx.clkx/gnxpm_cdc.wr_pntr_gc_reg[3]/C
                            (rising edge-triggered cell FDCE clocked by clk_out1_SYSCLK0)
  Endpoint Destination:   dbg_hub/inst/BSCANID.u_xsdbm_id/CORE_XSDB.UUT_MASTER/U_ICON_INTERFACE/U_CMD6_RD/U_RD_FIFO/SUBCORE_FIFO.xsdbm_v3_0_3_rdfifo_inst/inst_fifo_gen/gconvfifo.rf/grf.rf/gntv_or_sync_fifo.gcx.clkx/gnxpm_cdc.gsync_stage[1].rd_stg_inst/Q_reg_reg[3]/D
                            (rising edge-triggered cell FDCE clocked by dbg_hub/inst/BSCANID.u_xsdbm_id/SWITCH_N_EXT_BSCAN.bscan_inst/SERIES7_BSCAN.bscan_inst/TCK)
  Reference Source:       dbg_hub/inst/BSCANID.u_xsdbm_id/CORE_XSDB.UUT_MASTER/U_ICON_INTERFACE/U_CMD6_RD/U_RD_FIFO/SUBCORE_FIFO.xsdbm_v3_0_3_rdfifo_inst/inst_fifo_gen/gconvfifo.rf/grf.rf/gntv_or_sync_fifo.gcx.clkx/gnxpm_cdc.wr_pntr_gc_reg[1]/C
                            (rising edge-triggered cell FDCE clocked by clk_out1_SYSCLK0)
  Reference Destination:  dbg_hub/inst/BSCANID.u_xsdbm_id/CORE_XSDB.UUT_MASTER/U_ICON_INTERFACE/U_CMD6_RD/U_RD_FIFO/SUBCORE_FIFO.xsdbm_v3_0_3_rdfifo_inst/inst_fifo_gen/gconvfifo.rf/grf.rf/gntv_or_sync_fifo.gcx.clkx/gnxpm_cdc.gsync_stage[1].rd_stg_inst/Q_reg_reg[1]/D
                            (rising edge-triggered cell FDCE clocked by dbg_hub/inst/BSCANID.u_xsdbm_id/SWITCH_N_EXT_BSCAN.bscan_inst/SERIES7_BSCAN.bscan_inst/TCK)
  Path Type:              Bus Skew (Max at Slow Process Corner)
  Requirement:            6.250ns
  Endpoint Relative Delay:   -3.312ns
  Reference Relative Delay:  -4.973ns
  Relative CRPR:              0.930ns
  Actual Bus Skew:            0.731ns  (Endpoint Relative Delay - Reference Relative Delay - Relative CRPR)

Endpoint path:
    Location             Delay type                Incr(ns)  Path(ns)    Netlist Resource(s)
  -------------------------------------------------------------------    -------------------
                         (clock clk_out1_SYSCLK0 rise edge)
                                                      0.000     0.000 r  
    K4                                                0.000     0.000 r  CLK75mp (IN)
                         net (fo=0)                   0.000     0.000    SYSCLK0/inst/clk_in1_p
    K4                   IBUFDS (Prop_ibufds_I_O)     0.953     0.953 r  SYSCLK0/inst/clkin1_ibufgds/O
                         net (fo=1, routed)           1.233     2.186    SYSCLK0/inst/clk_in1_SYSCLK0
    MMCME2_ADV_X1Y2      MMCME2_ADV (Prop_mmcme2_adv_CLKIN1_CLKOUT0)
                                                     -7.070    -4.885 r  SYSCLK0/inst/mmcm_adv_inst/CLKOUT0
                         net (fo=1, routed)           1.719    -3.165    SYSCLK0/inst/clk_out1_SYSCLK0
    BUFGCTRL_X0Y21       BUFG (Prop_bufg_I_O)         0.096    -3.069 r  SYSCLK0/inst/clkout1_buf/O
                         net (fo=34876, routed)       1.801    -1.268    dbg_hub/inst/BSCANID.u_xsdbm_id/CORE_XSDB.UUT_MASTER/U_ICON_INTERFACE/U_CMD6_RD/U_RD_FIFO/SUBCORE_FIFO.xsdbm_v3_0_3_rdfifo_inst/inst_fifo_gen/gconvfifo.rf/grf.rf/gntv_or_sync_fifo.gcx.clkx/wr_clk
    SLICE_X12Y179        FDCE                                         r  dbg_hub/inst/BSCANID.u_xsdbm_id/CORE_XSDB.UUT_MASTER/U_ICON_INTERFACE/U_CMD6_RD/U_RD_FIFO/SUBCORE_FIFO.xsdbm_v3_0_3_rdfifo_inst/inst_fifo_gen/gconvfifo.rf/grf.rf/gntv_or_sync_fifo.gcx.clkx/gnxpm_cdc.wr_pntr_gc_reg[3]/C
  -------------------------------------------------------------------    -------------------
    SLICE_X12Y179        FDCE (Prop_fdce_C_Q)         0.478    -0.790 r  dbg_hub/inst/BSCANID.u_xsdbm_id/CORE_XSDB.UUT_MASTER/U_ICON_INTERFACE/U_CMD6_RD/U_RD_FIFO/SUBCORE_FIFO.xsdbm_v3_0_3_rdfifo_inst/inst_fifo_gen/gconvfifo.rf/grf.rf/gntv_or_sync_fifo.gcx.clkx/gnxpm_cdc.wr_pntr_gc_reg[3]/Q
                         net (fo=1, routed)           0.752    -0.038    dbg_hub/inst/BSCANID.u_xsdbm_id/CORE_XSDB.UUT_MASTER/U_ICON_INTERFACE/U_CMD6_RD/U_RD_FIFO/SUBCORE_FIFO.xsdbm_v3_0_3_rdfifo_inst/inst_fifo_gen/gconvfifo.rf/grf.rf/gntv_or_sync_fifo.gcx.clkx/gnxpm_cdc.gsync_stage[1].rd_stg_inst/Q[3]
    SLICE_X13Y179        FDCE                                         r  dbg_hub/inst/BSCANID.u_xsdbm_id/CORE_XSDB.UUT_MASTER/U_ICON_INTERFACE/U_CMD6_RD/U_RD_FIFO/SUBCORE_FIFO.xsdbm_v3_0_3_rdfifo_inst/inst_fifo_gen/gconvfifo.rf/grf.rf/gntv_or_sync_fifo.gcx.clkx/gnxpm_cdc.gsync_stage[1].rd_stg_inst/Q_reg_reg[3]/D
  -------------------------------------------------------------------    -------------------

                         (clock dbg_hub/inst/BSCANID.u_xsdbm_id/SWITCH_N_EXT_BSCAN.bscan_inst/SERIES7_BSCAN.bscan_inst/TCK rise edge)
                                                      0.000     0.000 r  
    BSCAN_X0Y0           BSCANE2                      0.000     0.000 r  dbg_hub/inst/BSCANID.u_xsdbm_id/SWITCH_N_EXT_BSCAN.bscan_inst/SERIES7_BSCAN.bscan_inst/TCK
                         net (fo=1, routed)           1.776     1.776    dbg_hub/inst/BSCANID.u_xsdbm_id/tck_bs
    BUFGCTRL_X0Y2        BUFG (Prop_bufg_I_O)         0.091     1.867 r  dbg_hub/inst/BSCANID.u_xsdbm_id/SWITCH_N_EXT_BSCAN.u_bufg_icon_tck/O
                         net (fo=482, routed)         1.677     3.544    dbg_hub/inst/BSCANID.u_xsdbm_id/CORE_XSDB.UUT_MASTER/U_ICON_INTERFACE/U_CMD6_RD/U_RD_FIFO/SUBCORE_FIFO.xsdbm_v3_0_3_rdfifo_inst/inst_fifo_gen/gconvfifo.rf/grf.rf/gntv_or_sync_fifo.gcx.clkx/gnxpm_cdc.gsync_stage[1].rd_stg_inst/rd_clk
    SLICE_X13Y179        FDCE                                         r  dbg_hub/inst/BSCANID.u_xsdbm_id/CORE_XSDB.UUT_MASTER/U_ICON_INTERFACE/U_CMD6_RD/U_RD_FIFO/SUBCORE_FIFO.xsdbm_v3_0_3_rdfifo_inst/inst_fifo_gen/gconvfifo.rf/grf.rf/gntv_or_sync_fifo.gcx.clkx/gnxpm_cdc.gsync_stage[1].rd_stg_inst/Q_reg_reg[3]/C
                         clock pessimism              0.000     3.544    
    SLICE_X13Y179        FDCE (Setup_fdce_C_D)       -0.270     3.274    dbg_hub/inst/BSCANID.u_xsdbm_id/CORE_XSDB.UUT_MASTER/U_ICON_INTERFACE/U_CMD6_RD/U_RD_FIFO/SUBCORE_FIFO.xsdbm_v3_0_3_rdfifo_inst/inst_fifo_gen/gconvfifo.rf/grf.rf/gntv_or_sync_fifo.gcx.clkx/gnxpm_cdc.gsync_stage[1].rd_stg_inst/Q_reg_reg[3]
  -------------------------------------------------------------------
                         data arrival                          -0.038    
                         clock arrival                          3.274    
  -------------------------------------------------------------------
                         relative delay                        -3.312    

Reference path:
    Location             Delay type                Incr(ns)  Path(ns)    Netlist Resource(s)
  -------------------------------------------------------------------    -------------------
                         (clock clk_out1_SYSCLK0 rise edge)
                                                      0.000     0.000 r  
    K4                                                0.000     0.000 r  CLK75mp (IN)
                         net (fo=0)                   0.000     0.000    SYSCLK0/inst/clk_in1_p
    K4                   IBUFDS (Prop_ibufds_I_O)     0.909     0.909 r  SYSCLK0/inst/clkin1_ibufgds/O
                         net (fo=1, routed)           1.162     2.071    SYSCLK0/inst/clk_in1_SYSCLK0
    MMCME2_ADV_X1Y2      MMCME2_ADV (Prop_mmcme2_adv_CLKIN1_CLKOUT0)
                                                     -7.324    -5.253 r  SYSCLK0/inst/mmcm_adv_inst/CLKOUT0
                         net (fo=1, routed)           1.639    -3.614    SYSCLK0/inst/clk_out1_SYSCLK0
    BUFGCTRL_X0Y21       BUFG (Prop_bufg_I_O)         0.091    -3.523 r  SYSCLK0/inst/clkout1_buf/O
                         net (fo=34876, routed)       1.674    -1.849    dbg_hub/inst/BSCANID.u_xsdbm_id/CORE_XSDB.UUT_MASTER/U_ICON_INTERFACE/U_CMD6_RD/U_RD_FIFO/SUBCORE_FIFO.xsdbm_v3_0_3_rdfifo_inst/inst_fifo_gen/gconvfifo.rf/grf.rf/gntv_or_sync_fifo.gcx.clkx/wr_clk
    SLICE_X10Y178        FDCE                                         r  dbg_hub/inst/BSCANID.u_xsdbm_id/CORE_XSDB.UUT_MASTER/U_ICON_INTERFACE/U_CMD6_RD/U_RD_FIFO/SUBCORE_FIFO.xsdbm_v3_0_3_rdfifo_inst/inst_fifo_gen/gconvfifo.rf/grf.rf/gntv_or_sync_fifo.gcx.clkx/gnxpm_cdc.wr_pntr_gc_reg[1]/C
  -------------------------------------------------------------------    -------------------
    SLICE_X10Y178        FDCE (Prop_fdce_C_Q)         0.385    -1.464 r  dbg_hub/inst/BSCANID.u_xsdbm_id/CORE_XSDB.UUT_MASTER/U_ICON_INTERFACE/U_CMD6_RD/U_RD_FIFO/SUBCORE_FIFO.xsdbm_v3_0_3_rdfifo_inst/inst_fifo_gen/gconvfifo.rf/grf.rf/gntv_or_sync_fifo.gcx.clkx/gnxpm_cdc.wr_pntr_gc_reg[1]/Q
                         net (fo=1, routed)           0.494    -0.970    dbg_hub/inst/BSCANID.u_xsdbm_id/CORE_XSDB.UUT_MASTER/U_ICON_INTERFACE/U_CMD6_RD/U_RD_FIFO/SUBCORE_FIFO.xsdbm_v3_0_3_rdfifo_inst/inst_fifo_gen/gconvfifo.rf/grf.rf/gntv_or_sync_fifo.gcx.clkx/gnxpm_cdc.gsync_stage[1].rd_stg_inst/Q[1]
    SLICE_X11Y178        FDCE                                         r  dbg_hub/inst/BSCANID.u_xsdbm_id/CORE_XSDB.UUT_MASTER/U_ICON_INTERFACE/U_CMD6_RD/U_RD_FIFO/SUBCORE_FIFO.xsdbm_v3_0_3_rdfifo_inst/inst_fifo_gen/gconvfifo.rf/grf.rf/gntv_or_sync_fifo.gcx.clkx/gnxpm_cdc.gsync_stage[1].rd_stg_inst/Q_reg_reg[1]/D
  -------------------------------------------------------------------    -------------------

                         (clock dbg_hub/inst/BSCANID.u_xsdbm_id/SWITCH_N_EXT_BSCAN.bscan_inst/SERIES7_BSCAN.bscan_inst/TCK rise edge)
                                                      0.000     0.000 r  
    BSCAN_X0Y0           BSCANE2                      0.000     0.000 r  dbg_hub/inst/BSCANID.u_xsdbm_id/SWITCH_N_EXT_BSCAN.bscan_inst/SERIES7_BSCAN.bscan_inst/TCK
                         net (fo=1, routed)           2.072     2.072    dbg_hub/inst/BSCANID.u_xsdbm_id/tck_bs
    BUFGCTRL_X0Y2        BUFG (Prop_bufg_I_O)         0.096     2.168 r  dbg_hub/inst/BSCANID.u_xsdbm_id/SWITCH_N_EXT_BSCAN.u_bufg_icon_tck/O
                         net (fo=482, routed)         1.802     3.970    dbg_hub/inst/BSCANID.u_xsdbm_id/CORE_XSDB.UUT_MASTER/U_ICON_INTERFACE/U_CMD6_RD/U_RD_FIFO/SUBCORE_FIFO.xsdbm_v3_0_3_rdfifo_inst/inst_fifo_gen/gconvfifo.rf/grf.rf/gntv_or_sync_fifo.gcx.clkx/gnxpm_cdc.gsync_stage[1].rd_stg_inst/rd_clk
    SLICE_X11Y178        FDCE                                         r  dbg_hub/inst/BSCANID.u_xsdbm_id/CORE_XSDB.UUT_MASTER/U_ICON_INTERFACE/U_CMD6_RD/U_RD_FIFO/SUBCORE_FIFO.xsdbm_v3_0_3_rdfifo_inst/inst_fifo_gen/gconvfifo.rf/grf.rf/gntv_or_sync_fifo.gcx.clkx/gnxpm_cdc.gsync_stage[1].rd_stg_inst/Q_reg_reg[1]/C
                         clock pessimism              0.000     3.970    
    SLICE_X11Y178        FDCE (Hold_fdce_C_D)         0.032     4.002    dbg_hub/inst/BSCANID.u_xsdbm_id/CORE_XSDB.UUT_MASTER/U_ICON_INTERFACE/U_CMD6_RD/U_RD_FIFO/SUBCORE_FIFO.xsdbm_v3_0_3_rdfifo_inst/inst_fifo_gen/gconvfifo.rf/grf.rf/gntv_or_sync_fifo.gcx.clkx/gnxpm_cdc.gsync_stage[1].rd_stg_inst/Q_reg_reg[1]
  -------------------------------------------------------------------
                         data arrival                          -0.970    
                         clock arrival                          4.002    
  -------------------------------------------------------------------
                         relative delay                        -4.973    



Id: 9
set_bus_skew -from [get_cells [list {dbg_hub/inst/BSCANID.u_xsdbm_id/CORE_XSDB.UUT_MASTER/U_ICON_INTERFACE/U_CMD6_WR/U_WR_FIFO/SUBCORE_FIFO.xsdbm_v3_0_3_wrfifo_inst/inst_fifo_gen/gconvfifo.rf/grf.rf/gntv_or_sync_fifo.gcx.clkx/gnxpm_cdc.rd_pntr_gc_reg[0]} {dbg_hub/inst/BSCANID.u_xsdbm_id/CORE_XSDB.UUT_MASTER/U_ICON_INTERFACE/U_CMD6_WR/U_WR_FIFO/SUBCORE_FIFO.xsdbm_v3_0_3_wrfifo_inst/inst_fifo_gen/gconvfifo.rf/grf.rf/gntv_or_sync_fifo.gcx.clkx/gnxpm_cdc.rd_pntr_gc_reg[1]} {dbg_hub/inst/BSCANID.u_xsdbm_id/CORE_XSDB.UUT_MASTER/U_ICON_INTERFACE/U_CMD6_WR/U_WR_FIFO/SUBCORE_FIFO.xsdbm_v3_0_3_wrfifo_inst/inst_fifo_gen/gconvfifo.rf/grf.rf/gntv_or_sync_fifo.gcx.clkx/gnxpm_cdc.rd_pntr_gc_reg[2]} {dbg_hub/inst/BSCANID.u_xsdbm_id/CORE_XSDB.UUT_MASTER/U_ICON_INTERFACE/U_CMD6_WR/U_WR_FIFO/SUBCORE_FIFO.xsdbm_v3_0_3_wrfifo_inst/inst_fifo_gen/gconvfifo.rf/grf.rf/gntv_or_sync_fifo.gcx.clkx/gnxpm_cdc.rd_pntr_gc_reg[3]}]] -to [get_cells [list {dbg_hub/inst/BSCANID.u_xsdbm_id/CORE_XSDB.UUT_MASTER/U_ICON_INTERFACE/U_CMD6_WR/U_WR_FIFO/SUBCORE_FIFO.xsdbm_v3_0_3_wrfifo_inst/inst_fifo_gen/gconvfifo.rf/grf.rf/gntv_or_sync_fifo.gcx.clkx/gnxpm_cdc.gsync_stage[1].wr_stg_inst/Q_reg_reg[0]} {dbg_hub/inst/BSCANID.u_xsdbm_id/CORE_XSDB.UUT_MASTER/U_ICON_INTERFACE/U_CMD6_WR/U_WR_FIFO/SUBCORE_FIFO.xsdbm_v3_0_3_wrfifo_inst/inst_fifo_gen/gconvfifo.rf/grf.rf/gntv_or_sync_fifo.gcx.clkx/gnxpm_cdc.gsync_stage[1].wr_stg_inst/Q_reg_reg[1]} {dbg_hub/inst/BSCANID.u_xsdbm_id/CORE_XSDB.UUT_MASTER/U_ICON_INTERFACE/U_CMD6_WR/U_WR_FIFO/SUBCORE_FIFO.xsdbm_v3_0_3_wrfifo_inst/inst_fifo_gen/gconvfifo.rf/grf.rf/gntv_or_sync_fifo.gcx.clkx/gnxpm_cdc.gsync_stage[1].wr_stg_inst/Q_reg_reg[2]} {dbg_hub/inst/BSCANID.u_xsdbm_id/CORE_XSDB.UUT_MASTER/U_ICON_INTERFACE/U_CMD6_WR/U_WR_FIFO/SUBCORE_FIFO.xsdbm_v3_0_3_wrfifo_inst/inst_fifo_gen/gconvfifo.rf/grf.rf/gntv_or_sync_fifo.gcx.clkx/gnxpm_cdc.gsync_stage[1].wr_stg_inst/Q_reg_reg[3]}]] 6.250
Requirement: 6.250ns
Endpoints: 4

From Clock            To Clock              Endpoint Pin                    Reference Pin                   Corner  Actual(ns)  Slack(ns)
--------------------  --------------------  ------------------------------  ------------------------------  ------  ----------  ---------
clk_out1_SYSCLK0      dbg_hub/inst/BSCANID.u_xsdbm_id/SWITCH_N_EXT_BSCAN.bscan_inst/SERIES7_BSCAN.bscan_inst/TCK
                                            dbg_hub/inst/BSCANID.u_xsdbm_id/CORE_XSDB.UUT_MASTER/U_ICON_INTERFACE/U_CMD6_WR/U_WR_FIFO/SUBCORE_FIFO.xsdbm_v3_0_3_wrfifo_inst/inst_fifo_gen/gconvfifo.rf/grf.rf/gntv_or_sync_fifo.gcx.clkx/gnxpm_cdc.gsync_stage[1].wr_stg_inst/Q_reg_reg[1]/D
                                                                            dbg_hub/inst/BSCANID.u_xsdbm_id/CORE_XSDB.UUT_MASTER/U_ICON_INTERFACE/U_CMD6_WR/U_WR_FIFO/SUBCORE_FIFO.xsdbm_v3_0_3_wrfifo_inst/inst_fifo_gen/gconvfifo.rf/grf.rf/gntv_or_sync_fifo.gcx.clkx/gnxpm_cdc.gsync_stage[1].wr_stg_inst/Q_reg_reg[2]/D
                                                                                                            Slow         0.788      5.462


Slack (MET) :             5.462ns  (requirement - actual skew)
  Endpoint Source:        dbg_hub/inst/BSCANID.u_xsdbm_id/CORE_XSDB.UUT_MASTER/U_ICON_INTERFACE/U_CMD6_WR/U_WR_FIFO/SUBCORE_FIFO.xsdbm_v3_0_3_wrfifo_inst/inst_fifo_gen/gconvfifo.rf/grf.rf/gntv_or_sync_fifo.gcx.clkx/gnxpm_cdc.rd_pntr_gc_reg[1]/C
                            (rising edge-triggered cell FDCE clocked by clk_out1_SYSCLK0)
  Endpoint Destination:   dbg_hub/inst/BSCANID.u_xsdbm_id/CORE_XSDB.UUT_MASTER/U_ICON_INTERFACE/U_CMD6_WR/U_WR_FIFO/SUBCORE_FIFO.xsdbm_v3_0_3_wrfifo_inst/inst_fifo_gen/gconvfifo.rf/grf.rf/gntv_or_sync_fifo.gcx.clkx/gnxpm_cdc.gsync_stage[1].wr_stg_inst/Q_reg_reg[1]/D
                            (rising edge-triggered cell FDCE clocked by dbg_hub/inst/BSCANID.u_xsdbm_id/SWITCH_N_EXT_BSCAN.bscan_inst/SERIES7_BSCAN.bscan_inst/TCK)
  Reference Source:       dbg_hub/inst/BSCANID.u_xsdbm_id/CORE_XSDB.UUT_MASTER/U_ICON_INTERFACE/U_CMD6_WR/U_WR_FIFO/SUBCORE_FIFO.xsdbm_v3_0_3_wrfifo_inst/inst_fifo_gen/gconvfifo.rf/grf.rf/gntv_or_sync_fifo.gcx.clkx/gnxpm_cdc.rd_pntr_gc_reg[2]/C
                            (rising edge-triggered cell FDCE clocked by clk_out1_SYSCLK0)
  Reference Destination:  dbg_hub/inst/BSCANID.u_xsdbm_id/CORE_XSDB.UUT_MASTER/U_ICON_INTERFACE/U_CMD6_WR/U_WR_FIFO/SUBCORE_FIFO.xsdbm_v3_0_3_wrfifo_inst/inst_fifo_gen/gconvfifo.rf/grf.rf/gntv_or_sync_fifo.gcx.clkx/gnxpm_cdc.gsync_stage[1].wr_stg_inst/Q_reg_reg[2]/D
                            (rising edge-triggered cell FDCE clocked by dbg_hub/inst/BSCANID.u_xsdbm_id/SWITCH_N_EXT_BSCAN.bscan_inst/SERIES7_BSCAN.bscan_inst/TCK)
  Path Type:              Bus Skew (Max at Slow Process Corner)
  Requirement:            6.250ns
  Endpoint Relative Delay:   -3.400ns
  Reference Relative Delay:  -5.194ns
  Relative CRPR:              1.006ns
  Actual Bus Skew:            0.788ns  (Endpoint Relative Delay - Reference Relative Delay - Relative CRPR)

Endpoint path:
    Location             Delay type                Incr(ns)  Path(ns)    Netlist Resource(s)
  -------------------------------------------------------------------    -------------------
                         (clock clk_out1_SYSCLK0 rise edge)
                                                      0.000     0.000 r  
    K4                                                0.000     0.000 r  CLK75mp (IN)
                         net (fo=0)                   0.000     0.000    SYSCLK0/inst/clk_in1_p
    K4                   IBUFDS (Prop_ibufds_I_O)     0.953     0.953 r  SYSCLK0/inst/clkin1_ibufgds/O
                         net (fo=1, routed)           1.233     2.186    SYSCLK0/inst/clk_in1_SYSCLK0
    MMCME2_ADV_X1Y2      MMCME2_ADV (Prop_mmcme2_adv_CLKIN1_CLKOUT0)
                                                     -7.070    -4.885 r  SYSCLK0/inst/mmcm_adv_inst/CLKOUT0
                         net (fo=1, routed)           1.719    -3.165    SYSCLK0/inst/clk_out1_SYSCLK0
    BUFGCTRL_X0Y21       BUFG (Prop_bufg_I_O)         0.096    -3.069 r  SYSCLK0/inst/clkout1_buf/O
                         net (fo=34876, routed)       1.876    -1.193    dbg_hub/inst/BSCANID.u_xsdbm_id/CORE_XSDB.UUT_MASTER/U_ICON_INTERFACE/U_CMD6_WR/U_WR_FIFO/SUBCORE_FIFO.xsdbm_v3_0_3_wrfifo_inst/inst_fifo_gen/gconvfifo.rf/grf.rf/gntv_or_sync_fifo.gcx.clkx/rd_clk
    SLICE_X2Y172         FDCE                                         r  dbg_hub/inst/BSCANID.u_xsdbm_id/CORE_XSDB.UUT_MASTER/U_ICON_INTERFACE/U_CMD6_WR/U_WR_FIFO/SUBCORE_FIFO.xsdbm_v3_0_3_wrfifo_inst/inst_fifo_gen/gconvfifo.rf/grf.rf/gntv_or_sync_fifo.gcx.clkx/gnxpm_cdc.rd_pntr_gc_reg[1]/C
  -------------------------------------------------------------------    -------------------
    SLICE_X2Y172         FDCE (Prop_fdce_C_Q)         0.518    -0.675 r  dbg_hub/inst/BSCANID.u_xsdbm_id/CORE_XSDB.UUT_MASTER/U_ICON_INTERFACE/U_CMD6_WR/U_WR_FIFO/SUBCORE_FIFO.xsdbm_v3_0_3_wrfifo_inst/inst_fifo_gen/gconvfifo.rf/grf.rf/gntv_or_sync_fifo.gcx.clkx/gnxpm_cdc.rd_pntr_gc_reg[1]/Q
                         net (fo=1, routed)           0.790     0.115    dbg_hub/inst/BSCANID.u_xsdbm_id/CORE_XSDB.UUT_MASTER/U_ICON_INTERFACE/U_CMD6_WR/U_WR_FIFO/SUBCORE_FIFO.xsdbm_v3_0_3_wrfifo_inst/inst_fifo_gen/gconvfifo.rf/grf.rf/gntv_or_sync_fifo.gcx.clkx/gnxpm_cdc.gsync_stage[1].wr_stg_inst/Q[1]
    SLICE_X0Y172         FDCE                                         r  dbg_hub/inst/BSCANID.u_xsdbm_id/CORE_XSDB.UUT_MASTER/U_ICON_INTERFACE/U_CMD6_WR/U_WR_FIFO/SUBCORE_FIFO.xsdbm_v3_0_3_wrfifo_inst/inst_fifo_gen/gconvfifo.rf/grf.rf/gntv_or_sync_fifo.gcx.clkx/gnxpm_cdc.gsync_stage[1].wr_stg_inst/Q_reg_reg[1]/D
  -------------------------------------------------------------------    -------------------

                         (clock dbg_hub/inst/BSCANID.u_xsdbm_id/SWITCH_N_EXT_BSCAN.bscan_inst/SERIES7_BSCAN.bscan_inst/TCK rise edge)
                                                      0.000     0.000 r  
    BSCAN_X0Y0           BSCANE2                      0.000     0.000 r  dbg_hub/inst/BSCANID.u_xsdbm_id/SWITCH_N_EXT_BSCAN.bscan_inst/SERIES7_BSCAN.bscan_inst/TCK
                         net (fo=1, routed)           1.776     1.776    dbg_hub/inst/BSCANID.u_xsdbm_id/tck_bs
    BUFGCTRL_X0Y2        BUFG (Prop_bufg_I_O)         0.091     1.867 r  dbg_hub/inst/BSCANID.u_xsdbm_id/SWITCH_N_EXT_BSCAN.u_bufg_icon_tck/O
                         net (fo=482, routed)         1.753     3.620    dbg_hub/inst/BSCANID.u_xsdbm_id/CORE_XSDB.UUT_MASTER/U_ICON_INTERFACE/U_CMD6_WR/U_WR_FIFO/SUBCORE_FIFO.xsdbm_v3_0_3_wrfifo_inst/inst_fifo_gen/gconvfifo.rf/grf.rf/gntv_or_sync_fifo.gcx.clkx/gnxpm_cdc.gsync_stage[1].wr_stg_inst/wr_clk
    SLICE_X0Y172         FDCE                                         r  dbg_hub/inst/BSCANID.u_xsdbm_id/CORE_XSDB.UUT_MASTER/U_ICON_INTERFACE/U_CMD6_WR/U_WR_FIFO/SUBCORE_FIFO.xsdbm_v3_0_3_wrfifo_inst/inst_fifo_gen/gconvfifo.rf/grf.rf/gntv_or_sync_fifo.gcx.clkx/gnxpm_cdc.gsync_stage[1].wr_stg_inst/Q_reg_reg[1]/C
                         clock pessimism              0.000     3.620    
    SLICE_X0Y172         FDCE (Setup_fdce_C_D)       -0.105     3.515    dbg_hub/inst/BSCANID.u_xsdbm_id/CORE_XSDB.UUT_MASTER/U_ICON_INTERFACE/U_CMD6_WR/U_WR_FIFO/SUBCORE_FIFO.xsdbm_v3_0_3_wrfifo_inst/inst_fifo_gen/gconvfifo.rf/grf.rf/gntv_or_sync_fifo.gcx.clkx/gnxpm_cdc.gsync_stage[1].wr_stg_inst/Q_reg_reg[1]
  -------------------------------------------------------------------
                         data arrival                           0.115    
                         clock arrival                          3.515    
  -------------------------------------------------------------------
                         relative delay                        -3.400    

Reference path:
    Location             Delay type                Incr(ns)  Path(ns)    Netlist Resource(s)
  -------------------------------------------------------------------    -------------------
                         (clock clk_out1_SYSCLK0 rise edge)
                                                      0.000     0.000 r  
    K4                                                0.000     0.000 r  CLK75mp (IN)
                         net (fo=0)                   0.000     0.000    SYSCLK0/inst/clk_in1_p
    K4                   IBUFDS (Prop_ibufds_I_O)     0.909     0.909 r  SYSCLK0/inst/clkin1_ibufgds/O
                         net (fo=1, routed)           1.162     2.071    SYSCLK0/inst/clk_in1_SYSCLK0
    MMCME2_ADV_X1Y2      MMCME2_ADV (Prop_mmcme2_adv_CLKIN1_CLKOUT0)
                                                     -7.324    -5.253 r  SYSCLK0/inst/mmcm_adv_inst/CLKOUT0
                         net (fo=1, routed)           1.639    -3.614    SYSCLK0/inst/clk_out1_SYSCLK0
    BUFGCTRL_X0Y21       BUFG (Prop_bufg_I_O)         0.091    -3.523 r  SYSCLK0/inst/clkout1_buf/O
                         net (fo=34876, routed)       1.750    -1.773    dbg_hub/inst/BSCANID.u_xsdbm_id/CORE_XSDB.UUT_MASTER/U_ICON_INTERFACE/U_CMD6_WR/U_WR_FIFO/SUBCORE_FIFO.xsdbm_v3_0_3_wrfifo_inst/inst_fifo_gen/gconvfifo.rf/grf.rf/gntv_or_sync_fifo.gcx.clkx/rd_clk
    SLICE_X2Y172         FDCE                                         r  dbg_hub/inst/BSCANID.u_xsdbm_id/CORE_XSDB.UUT_MASTER/U_ICON_INTERFACE/U_CMD6_WR/U_WR_FIFO/SUBCORE_FIFO.xsdbm_v3_0_3_wrfifo_inst/inst_fifo_gen/gconvfifo.rf/grf.rf/gntv_or_sync_fifo.gcx.clkx/gnxpm_cdc.rd_pntr_gc_reg[2]/C
  -------------------------------------------------------------------    -------------------
    SLICE_X2Y172         FDCE (Prop_fdce_C_Q)         0.418    -1.355 r  dbg_hub/inst/BSCANID.u_xsdbm_id/CORE_XSDB.UUT_MASTER/U_ICON_INTERFACE/U_CMD6_WR/U_WR_FIFO/SUBCORE_FIFO.xsdbm_v3_0_3_wrfifo_inst/inst_fifo_gen/gconvfifo.rf/grf.rf/gntv_or_sync_fifo.gcx.clkx/gnxpm_cdc.rd_pntr_gc_reg[2]/Q
                         net (fo=1, routed)           0.377    -0.978    dbg_hub/inst/BSCANID.u_xsdbm_id/CORE_XSDB.UUT_MASTER/U_ICON_INTERFACE/U_CMD6_WR/U_WR_FIFO/SUBCORE_FIFO.xsdbm_v3_0_3_wrfifo_inst/inst_fifo_gen/gconvfifo.rf/grf.rf/gntv_or_sync_fifo.gcx.clkx/gnxpm_cdc.gsync_stage[1].wr_stg_inst/Q[2]
    SLICE_X0Y172         FDCE                                         r  dbg_hub/inst/BSCANID.u_xsdbm_id/CORE_XSDB.UUT_MASTER/U_ICON_INTERFACE/U_CMD6_WR/U_WR_FIFO/SUBCORE_FIFO.xsdbm_v3_0_3_wrfifo_inst/inst_fifo_gen/gconvfifo.rf/grf.rf/gntv_or_sync_fifo.gcx.clkx/gnxpm_cdc.gsync_stage[1].wr_stg_inst/Q_reg_reg[2]/D
  -------------------------------------------------------------------    -------------------

                         (clock dbg_hub/inst/BSCANID.u_xsdbm_id/SWITCH_N_EXT_BSCAN.bscan_inst/SERIES7_BSCAN.bscan_inst/TCK rise edge)
                                                      0.000     0.000 r  
    BSCAN_X0Y0           BSCANE2                      0.000     0.000 r  dbg_hub/inst/BSCANID.u_xsdbm_id/SWITCH_N_EXT_BSCAN.bscan_inst/SERIES7_BSCAN.bscan_inst/TCK
                         net (fo=1, routed)           2.072     2.072    dbg_hub/inst/BSCANID.u_xsdbm_id/tck_bs
    BUFGCTRL_X0Y2        BUFG (Prop_bufg_I_O)         0.096     2.168 r  dbg_hub/inst/BSCANID.u_xsdbm_id/SWITCH_N_EXT_BSCAN.u_bufg_icon_tck/O
                         net (fo=482, routed)         1.878     4.046    dbg_hub/inst/BSCANID.u_xsdbm_id/CORE_XSDB.UUT_MASTER/U_ICON_INTERFACE/U_CMD6_WR/U_WR_FIFO/SUBCORE_FIFO.xsdbm_v3_0_3_wrfifo_inst/inst_fifo_gen/gconvfifo.rf/grf.rf/gntv_or_sync_fifo.gcx.clkx/gnxpm_cdc.gsync_stage[1].wr_stg_inst/wr_clk
    SLICE_X0Y172         FDCE                                         r  dbg_hub/inst/BSCANID.u_xsdbm_id/CORE_XSDB.UUT_MASTER/U_ICON_INTERFACE/U_CMD6_WR/U_WR_FIFO/SUBCORE_FIFO.xsdbm_v3_0_3_wrfifo_inst/inst_fifo_gen/gconvfifo.rf/grf.rf/gntv_or_sync_fifo.gcx.clkx/gnxpm_cdc.gsync_stage[1].wr_stg_inst/Q_reg_reg[2]/C
                         clock pessimism              0.000     4.046    
    SLICE_X0Y172         FDCE (Hold_fdce_C_D)         0.170     4.216    dbg_hub/inst/BSCANID.u_xsdbm_id/CORE_XSDB.UUT_MASTER/U_ICON_INTERFACE/U_CMD6_WR/U_WR_FIFO/SUBCORE_FIFO.xsdbm_v3_0_3_wrfifo_inst/inst_fifo_gen/gconvfifo.rf/grf.rf/gntv_or_sync_fifo.gcx.clkx/gnxpm_cdc.gsync_stage[1].wr_stg_inst/Q_reg_reg[2]
  -------------------------------------------------------------------
                         data arrival                          -0.978    
                         clock arrival                          4.216    
  -------------------------------------------------------------------
                         relative delay                        -5.194    



Id: 10
set_bus_skew -from [get_cells [list {dbg_hub/inst/BSCANID.u_xsdbm_id/CORE_XSDB.UUT_MASTER/U_ICON_INTERFACE/U_CMD6_WR/U_WR_FIFO/SUBCORE_FIFO.xsdbm_v3_0_3_wrfifo_inst/inst_fifo_gen/gconvfifo.rf/grf.rf/gntv_or_sync_fifo.gcx.clkx/gnxpm_cdc.wr_pntr_gc_reg[0]} {dbg_hub/inst/BSCANID.u_xsdbm_id/CORE_XSDB.UUT_MASTER/U_ICON_INTERFACE/U_CMD6_WR/U_WR_FIFO/SUBCORE_FIFO.xsdbm_v3_0_3_wrfifo_inst/inst_fifo_gen/gconvfifo.rf/grf.rf/gntv_or_sync_fifo.gcx.clkx/gnxpm_cdc.wr_pntr_gc_reg[1]} {dbg_hub/inst/BSCANID.u_xsdbm_id/CORE_XSDB.UUT_MASTER/U_ICON_INTERFACE/U_CMD6_WR/U_WR_FIFO/SUBCORE_FIFO.xsdbm_v3_0_3_wrfifo_inst/inst_fifo_gen/gconvfifo.rf/grf.rf/gntv_or_sync_fifo.gcx.clkx/gnxpm_cdc.wr_pntr_gc_reg[2]} {dbg_hub/inst/BSCANID.u_xsdbm_id/CORE_XSDB.UUT_MASTER/U_ICON_INTERFACE/U_CMD6_WR/U_WR_FIFO/SUBCORE_FIFO.xsdbm_v3_0_3_wrfifo_inst/inst_fifo_gen/gconvfifo.rf/grf.rf/gntv_or_sync_fifo.gcx.clkx/gnxpm_cdc.wr_pntr_gc_reg[3]}]] -to [get_cells [list {dbg_hub/inst/BSCANID.u_xsdbm_id/CORE_XSDB.UUT_MASTER/U_ICON_INTERFACE/U_CMD6_WR/U_WR_FIFO/SUBCORE_FIFO.xsdbm_v3_0_3_wrfifo_inst/inst_fifo_gen/gconvfifo.rf/grf.rf/gntv_or_sync_fifo.gcx.clkx/gnxpm_cdc.gsync_stage[1].rd_stg_inst/Q_reg_reg[0]} {dbg_hub/inst/BSCANID.u_xsdbm_id/CORE_XSDB.UUT_MASTER/U_ICON_INTERFACE/U_CMD6_WR/U_WR_FIFO/SUBCORE_FIFO.xsdbm_v3_0_3_wrfifo_inst/inst_fifo_gen/gconvfifo.rf/grf.rf/gntv_or_sync_fifo.gcx.clkx/gnxpm_cdc.gsync_stage[1].rd_stg_inst/Q_reg_reg[1]} {dbg_hub/inst/BSCANID.u_xsdbm_id/CORE_XSDB.UUT_MASTER/U_ICON_INTERFACE/U_CMD6_WR/U_WR_FIFO/SUBCORE_FIFO.xsdbm_v3_0_3_wrfifo_inst/inst_fifo_gen/gconvfifo.rf/grf.rf/gntv_or_sync_fifo.gcx.clkx/gnxpm_cdc.gsync_stage[1].rd_stg_inst/Q_reg_reg[2]} {dbg_hub/inst/BSCANID.u_xsdbm_id/CORE_XSDB.UUT_MASTER/U_ICON_INTERFACE/U_CMD6_WR/U_WR_FIFO/SUBCORE_FIFO.xsdbm_v3_0_3_wrfifo_inst/inst_fifo_gen/gconvfifo.rf/grf.rf/gntv_or_sync_fifo.gcx.clkx/gnxpm_cdc.gsync_stage[1].rd_stg_inst/Q_reg_reg[3]}]] 6.250
Requirement: 6.250ns
Endpoints: 4

From Clock            To Clock              Endpoint Pin                    Reference Pin                   Corner  Actual(ns)  Slack(ns)
--------------------  --------------------  ------------------------------  ------------------------------  ------  ----------  ---------
dbg_hub/inst/BSCANID.u_xsdbm_id/SWITCH_N_EXT_BSCAN.bscan_inst/SERIES7_BSCAN.bscan_inst/TCK
                      clk_out1_SYSCLK0      dbg_hub/inst/BSCANID.u_xsdbm_id/CORE_XSDB.UUT_MASTER/U_ICON_INTERFACE/U_CMD6_WR/U_WR_FIFO/SUBCORE_FIFO.xsdbm_v3_0_3_wrfifo_inst/inst_fifo_gen/gconvfifo.rf/grf.rf/gntv_or_sync_fifo.gcx.clkx/gnxpm_cdc.gsync_stage[1].rd_stg_inst/Q_reg_reg[2]/D
                                                                            dbg_hub/inst/BSCANID.u_xsdbm_id/CORE_XSDB.UUT_MASTER/U_ICON_INTERFACE/U_CMD6_WR/U_WR_FIFO/SUBCORE_FIFO.xsdbm_v3_0_3_wrfifo_inst/inst_fifo_gen/gconvfifo.rf/grf.rf/gntv_or_sync_fifo.gcx.clkx/gnxpm_cdc.gsync_stage[1].rd_stg_inst/Q_reg_reg[0]/D
                                                                                                            Slow         0.715      5.535


Slack (MET) :             5.535ns  (requirement - actual skew)
  Endpoint Source:        dbg_hub/inst/BSCANID.u_xsdbm_id/CORE_XSDB.UUT_MASTER/U_ICON_INTERFACE/U_CMD6_WR/U_WR_FIFO/SUBCORE_FIFO.xsdbm_v3_0_3_wrfifo_inst/inst_fifo_gen/gconvfifo.rf/grf.rf/gntv_or_sync_fifo.gcx.clkx/gnxpm_cdc.wr_pntr_gc_reg[2]/C
                            (rising edge-triggered cell FDCE clocked by dbg_hub/inst/BSCANID.u_xsdbm_id/SWITCH_N_EXT_BSCAN.bscan_inst/SERIES7_BSCAN.bscan_inst/TCK)
  Endpoint Destination:   dbg_hub/inst/BSCANID.u_xsdbm_id/CORE_XSDB.UUT_MASTER/U_ICON_INTERFACE/U_CMD6_WR/U_WR_FIFO/SUBCORE_FIFO.xsdbm_v3_0_3_wrfifo_inst/inst_fifo_gen/gconvfifo.rf/grf.rf/gntv_or_sync_fifo.gcx.clkx/gnxpm_cdc.gsync_stage[1].rd_stg_inst/Q_reg_reg[2]/D
                            (rising edge-triggered cell FDCE clocked by clk_out1_SYSCLK0)
  Reference Source:       dbg_hub/inst/BSCANID.u_xsdbm_id/CORE_XSDB.UUT_MASTER/U_ICON_INTERFACE/U_CMD6_WR/U_WR_FIFO/SUBCORE_FIFO.xsdbm_v3_0_3_wrfifo_inst/inst_fifo_gen/gconvfifo.rf/grf.rf/gntv_or_sync_fifo.gcx.clkx/gnxpm_cdc.wr_pntr_gc_reg[0]/C
                            (rising edge-triggered cell FDCE clocked by dbg_hub/inst/BSCANID.u_xsdbm_id/SWITCH_N_EXT_BSCAN.bscan_inst/SERIES7_BSCAN.bscan_inst/TCK)
  Reference Destination:  dbg_hub/inst/BSCANID.u_xsdbm_id/CORE_XSDB.UUT_MASTER/U_ICON_INTERFACE/U_CMD6_WR/U_WR_FIFO/SUBCORE_FIFO.xsdbm_v3_0_3_wrfifo_inst/inst_fifo_gen/gconvfifo.rf/grf.rf/gntv_or_sync_fifo.gcx.clkx/gnxpm_cdc.gsync_stage[1].rd_stg_inst/Q_reg_reg[0]/D
                            (rising edge-triggered cell FDCE clocked by clk_out1_SYSCLK0)
  Path Type:              Bus Skew (Max at Slow Process Corner)
  Requirement:            6.250ns
  Endpoint Relative Delay:    7.400ns
  Reference Relative Delay:   5.700ns
  Relative CRPR:              0.985ns
  Actual Bus Skew:            0.715ns  (Endpoint Relative Delay - Reference Relative Delay - Relative CRPR)

Endpoint path:
    Location             Delay type                Incr(ns)  Path(ns)    Netlist Resource(s)
  -------------------------------------------------------------------    -------------------
                         (clock dbg_hub/inst/BSCANID.u_xsdbm_id/SWITCH_N_EXT_BSCAN.bscan_inst/SERIES7_BSCAN.bscan_inst/TCK rise edge)
                                                      0.000     0.000 r  
    BSCAN_X0Y0           BSCANE2                      0.000     0.000 r  dbg_hub/inst/BSCANID.u_xsdbm_id/SWITCH_N_EXT_BSCAN.bscan_inst/SERIES7_BSCAN.bscan_inst/TCK
                         net (fo=1, routed)           2.072     2.072    dbg_hub/inst/BSCANID.u_xsdbm_id/tck_bs
    BUFGCTRL_X0Y2        BUFG (Prop_bufg_I_O)         0.096     2.168 r  dbg_hub/inst/BSCANID.u_xsdbm_id/SWITCH_N_EXT_BSCAN.u_bufg_icon_tck/O
                         net (fo=482, routed)         1.881     4.049    dbg_hub/inst/BSCANID.u_xsdbm_id/CORE_XSDB.UUT_MASTER/U_ICON_INTERFACE/U_CMD6_WR/U_WR_FIFO/SUBCORE_FIFO.xsdbm_v3_0_3_wrfifo_inst/inst_fifo_gen/gconvfifo.rf/grf.rf/gntv_or_sync_fifo.gcx.clkx/wr_clk
    SLICE_X2Y171         FDCE                                         r  dbg_hub/inst/BSCANID.u_xsdbm_id/CORE_XSDB.UUT_MASTER/U_ICON_INTERFACE/U_CMD6_WR/U_WR_FIFO/SUBCORE_FIFO.xsdbm_v3_0_3_wrfifo_inst/inst_fifo_gen/gconvfifo.rf/grf.rf/gntv_or_sync_fifo.gcx.clkx/gnxpm_cdc.wr_pntr_gc_reg[2]/C
  -------------------------------------------------------------------    -------------------
    SLICE_X2Y171         FDCE (Prop_fdce_C_Q)         0.518     4.567 r  dbg_hub/inst/BSCANID.u_xsdbm_id/CORE_XSDB.UUT_MASTER/U_ICON_INTERFACE/U_CMD6_WR/U_WR_FIFO/SUBCORE_FIFO.xsdbm_v3_0_3_wrfifo_inst/inst_fifo_gen/gconvfifo.rf/grf.rf/gntv_or_sync_fifo.gcx.clkx/gnxpm_cdc.wr_pntr_gc_reg[2]/Q
                         net (fo=1, routed)           1.005     5.572    dbg_hub/inst/BSCANID.u_xsdbm_id/CORE_XSDB.UUT_MASTER/U_ICON_INTERFACE/U_CMD6_WR/U_WR_FIFO/SUBCORE_FIFO.xsdbm_v3_0_3_wrfifo_inst/inst_fifo_gen/gconvfifo.rf/grf.rf/gntv_or_sync_fifo.gcx.clkx/gnxpm_cdc.gsync_stage[1].rd_stg_inst/Q[2]
    SLICE_X2Y170         FDCE                                         r  dbg_hub/inst/BSCANID.u_xsdbm_id/CORE_XSDB.UUT_MASTER/U_ICON_INTERFACE/U_CMD6_WR/U_WR_FIFO/SUBCORE_FIFO.xsdbm_v3_0_3_wrfifo_inst/inst_fifo_gen/gconvfifo.rf/grf.rf/gntv_or_sync_fifo.gcx.clkx/gnxpm_cdc.gsync_stage[1].rd_stg_inst/Q_reg_reg[2]/D
  -------------------------------------------------------------------    -------------------

                         (clock clk_out1_SYSCLK0 rise edge)
                                                      0.000     0.000 r  
    K4                                                0.000     0.000 r  CLK75mp (IN)
                         net (fo=0)                   0.000     0.000    SYSCLK0/inst/clk_in1_p
    K4                   IBUFDS (Prop_ibufds_I_O)     0.909     0.909 r  SYSCLK0/inst/clkin1_ibufgds/O
                         net (fo=1, routed)           1.162     2.071    SYSCLK0/inst/clk_in1_SYSCLK0
    MMCME2_ADV_X1Y2      MMCME2_ADV (Prop_mmcme2_adv_CLKIN1_CLKOUT0)
                                                     -7.324    -5.253 r  SYSCLK0/inst/mmcm_adv_inst/CLKOUT0
                         net (fo=1, routed)           1.639    -3.614    SYSCLK0/inst/clk_out1_SYSCLK0
    BUFGCTRL_X0Y21       BUFG (Prop_bufg_I_O)         0.091    -3.523 r  SYSCLK0/inst/clkout1_buf/O
                         net (fo=34876, routed)       1.753    -1.770    dbg_hub/inst/BSCANID.u_xsdbm_id/CORE_XSDB.UUT_MASTER/U_ICON_INTERFACE/U_CMD6_WR/U_WR_FIFO/SUBCORE_FIFO.xsdbm_v3_0_3_wrfifo_inst/inst_fifo_gen/gconvfifo.rf/grf.rf/gntv_or_sync_fifo.gcx.clkx/gnxpm_cdc.gsync_stage[1].rd_stg_inst/rd_clk
    SLICE_X2Y170         FDCE                                         r  dbg_hub/inst/BSCANID.u_xsdbm_id/CORE_XSDB.UUT_MASTER/U_ICON_INTERFACE/U_CMD6_WR/U_WR_FIFO/SUBCORE_FIFO.xsdbm_v3_0_3_wrfifo_inst/inst_fifo_gen/gconvfifo.rf/grf.rf/gntv_or_sync_fifo.gcx.clkx/gnxpm_cdc.gsync_stage[1].rd_stg_inst/Q_reg_reg[2]/C
                         clock pessimism              0.000    -1.770    
    SLICE_X2Y170         FDCE (Setup_fdce_C_D)       -0.058    -1.828    dbg_hub/inst/BSCANID.u_xsdbm_id/CORE_XSDB.UUT_MASTER/U_ICON_INTERFACE/U_CMD6_WR/U_WR_FIFO/SUBCORE_FIFO.xsdbm_v3_0_3_wrfifo_inst/inst_fifo_gen/gconvfifo.rf/grf.rf/gntv_or_sync_fifo.gcx.clkx/gnxpm_cdc.gsync_stage[1].rd_stg_inst/Q_reg_reg[2]
  -------------------------------------------------------------------
                         data arrival                           5.572    
                         clock arrival                         -1.828    
  -------------------------------------------------------------------
                         relative delay                         7.400    

Reference path:
    Location             Delay type                Incr(ns)  Path(ns)    Netlist Resource(s)
  -------------------------------------------------------------------    -------------------
                         (clock dbg_hub/inst/BSCANID.u_xsdbm_id/SWITCH_N_EXT_BSCAN.bscan_inst/SERIES7_BSCAN.bscan_inst/TCK rise edge)
                                                      0.000     0.000 r  
    BSCAN_X0Y0           BSCANE2                      0.000     0.000 r  dbg_hub/inst/BSCANID.u_xsdbm_id/SWITCH_N_EXT_BSCAN.bscan_inst/SERIES7_BSCAN.bscan_inst/TCK
                         net (fo=1, routed)           1.776     1.776    dbg_hub/inst/BSCANID.u_xsdbm_id/tck_bs
    BUFGCTRL_X0Y2        BUFG (Prop_bufg_I_O)         0.091     1.867 r  dbg_hub/inst/BSCANID.u_xsdbm_id/SWITCH_N_EXT_BSCAN.u_bufg_icon_tck/O
                         net (fo=482, routed)         1.755     3.622    dbg_hub/inst/BSCANID.u_xsdbm_id/CORE_XSDB.UUT_MASTER/U_ICON_INTERFACE/U_CMD6_WR/U_WR_FIFO/SUBCORE_FIFO.xsdbm_v3_0_3_wrfifo_inst/inst_fifo_gen/gconvfifo.rf/grf.rf/gntv_or_sync_fifo.gcx.clkx/wr_clk
    SLICE_X2Y171         FDCE                                         r  dbg_hub/inst/BSCANID.u_xsdbm_id/CORE_XSDB.UUT_MASTER/U_ICON_INTERFACE/U_CMD6_WR/U_WR_FIFO/SUBCORE_FIFO.xsdbm_v3_0_3_wrfifo_inst/inst_fifo_gen/gconvfifo.rf/grf.rf/gntv_or_sync_fifo.gcx.clkx/gnxpm_cdc.wr_pntr_gc_reg[0]/C
  -------------------------------------------------------------------    -------------------
    SLICE_X2Y171         FDCE (Prop_fdce_C_Q)         0.418     4.040 r  dbg_hub/inst/BSCANID.u_xsdbm_id/CORE_XSDB.UUT_MASTER/U_ICON_INTERFACE/U_CMD6_WR/U_WR_FIFO/SUBCORE_FIFO.xsdbm_v3_0_3_wrfifo_inst/inst_fifo_gen/gconvfifo.rf/grf.rf/gntv_or_sync_fifo.gcx.clkx/gnxpm_cdc.wr_pntr_gc_reg[0]/Q
                         net (fo=1, routed)           0.639     4.679    dbg_hub/inst/BSCANID.u_xsdbm_id/CORE_XSDB.UUT_MASTER/U_ICON_INTERFACE/U_CMD6_WR/U_WR_FIFO/SUBCORE_FIFO.xsdbm_v3_0_3_wrfifo_inst/inst_fifo_gen/gconvfifo.rf/grf.rf/gntv_or_sync_fifo.gcx.clkx/gnxpm_cdc.gsync_stage[1].rd_stg_inst/Q[0]
    SLICE_X3Y171         FDCE                                         r  dbg_hub/inst/BSCANID.u_xsdbm_id/CORE_XSDB.UUT_MASTER/U_ICON_INTERFACE/U_CMD6_WR/U_WR_FIFO/SUBCORE_FIFO.xsdbm_v3_0_3_wrfifo_inst/inst_fifo_gen/gconvfifo.rf/grf.rf/gntv_or_sync_fifo.gcx.clkx/gnxpm_cdc.gsync_stage[1].rd_stg_inst/Q_reg_reg[0]/D
  -------------------------------------------------------------------    -------------------

                         (clock clk_out1_SYSCLK0 rise edge)
                                                      0.000     0.000 r  
    K4                                                0.000     0.000 r  CLK75mp (IN)
                         net (fo=0)                   0.000     0.000    SYSCLK0/inst/clk_in1_p
    K4                   IBUFDS (Prop_ibufds_I_O)     0.953     0.953 r  SYSCLK0/inst/clkin1_ibufgds/O
                         net (fo=1, routed)           1.233     2.186    SYSCLK0/inst/clk_in1_SYSCLK0
    MMCME2_ADV_X1Y2      MMCME2_ADV (Prop_mmcme2_adv_CLKIN1_CLKOUT0)
                                                     -7.070    -4.885 r  SYSCLK0/inst/mmcm_adv_inst/CLKOUT0
                         net (fo=1, routed)           1.719    -3.165    SYSCLK0/inst/clk_out1_SYSCLK0
    BUFGCTRL_X0Y21       BUFG (Prop_bufg_I_O)         0.096    -3.069 r  SYSCLK0/inst/clkout1_buf/O
                         net (fo=34876, routed)       1.879    -1.190    dbg_hub/inst/BSCANID.u_xsdbm_id/CORE_XSDB.UUT_MASTER/U_ICON_INTERFACE/U_CMD6_WR/U_WR_FIFO/SUBCORE_FIFO.xsdbm_v3_0_3_wrfifo_inst/inst_fifo_gen/gconvfifo.rf/grf.rf/gntv_or_sync_fifo.gcx.clkx/gnxpm_cdc.gsync_stage[1].rd_stg_inst/rd_clk
    SLICE_X3Y171         FDCE                                         r  dbg_hub/inst/BSCANID.u_xsdbm_id/CORE_XSDB.UUT_MASTER/U_ICON_INTERFACE/U_CMD6_WR/U_WR_FIFO/SUBCORE_FIFO.xsdbm_v3_0_3_wrfifo_inst/inst_fifo_gen/gconvfifo.rf/grf.rf/gntv_or_sync_fifo.gcx.clkx/gnxpm_cdc.gsync_stage[1].rd_stg_inst/Q_reg_reg[0]/C
                         clock pessimism              0.000    -1.190    
    SLICE_X3Y171         FDCE (Hold_fdce_C_D)         0.169    -1.021    dbg_hub/inst/BSCANID.u_xsdbm_id/CORE_XSDB.UUT_MASTER/U_ICON_INTERFACE/U_CMD6_WR/U_WR_FIFO/SUBCORE_FIFO.xsdbm_v3_0_3_wrfifo_inst/inst_fifo_gen/gconvfifo.rf/grf.rf/gntv_or_sync_fifo.gcx.clkx/gnxpm_cdc.gsync_stage[1].rd_stg_inst/Q_reg_reg[0]
  -------------------------------------------------------------------
                         data arrival                           4.679    
                         clock arrival                         -1.021    
  -------------------------------------------------------------------
                         relative delay                         5.700    



